site,lines,words,tags,div,h1,h2,h3,img,table,p,a,iframe,keyword,url_change,cosine_similarity,Anti-Adblock
Aldi-sued.de,0,0,1,0,0,0,0,1,0,0,0,0,0,0
Justiz.gv.at,0,0,0,0,0,0,0,0,0,0,0,0,0,0
Dailymail.co.uk,-9,-96,-2,6,0,0,0,-3,0,0,-3,7,1,0
Bernerzeitung.ch,3,58,5,1,0,0,0,0,0,0,1,1,1,0
Obi.de,0,0,0,0,0,0,0,0,0,0,0,0,0,0
Zeit.de,37,4316,99,25,0,0,0,0,0,0,0,8,0,0
Thalia.at,0,0,1,0,0,0,0,0,0,0,0,0,1,0
Handelsblatt.com,726,-1471,2496,751,-1,14,64,113,0,38,384,10,1,1
Bing.com,0,0,0,0,0,0,0,0,0,0,0,0,0,0
Cern.ch,0,-1,0,0,0,0,0,0,0,0,0,0,0,0
Kinokrad.co,11,1106,54,27,0,0,0,4,0,0,13,2,1,0
Indeed.ch,-2,-3825,0,0,0,0,0,0,0,0,0,0,0,0
Mail.ru,1,1160,4,-8,0,0,0,1,0,0,0,2,0,0
Pornhd.com,0,0,7,4,0,0,0,0,0,0,0,0,1,0
Germany.ru,0,0,2,0,0,0,0,0,0,0,0,2,0,0
Porn555.com,-1,-5,-1,0,0,0,0,0,0,0,0,0,1,0
Mygully.com,0,0,0,0,0,0,0,0,0,0,0,0,0,0
Woxikon.de,0,0,25,0,0,0,0,0,0,0,0,3,0,0
Tsn.at,0,0,0,0,0,0,0,0,0,0,0,0,0,0
Fifa.com,0,0,-2,0,0,0,0,0,0,0,0,1,0,0
Dailymotion.com,0,0,-3,0,0,0,0,0,0,0,0,1,1,0
Sparkasse.at,0,0,0,0,0,0,0,0,0,0,0,0,0,0
Real.de,-38,-581,-26,-12,0,0,0,-1,0,-1,0,0,0,0
Ensonhaber.com,23,279,127,67,0,0,0,19,0,0,15,1,0,0
Austrian.com,-519,-2335,-1507,-335,-1,-7,-13,-8,4,-24,-249,1,0,1
Myhermes.de,0,0,0,0,0,0,0,0,0,0,0,0,0,0
Oe24.at,-16,-329,-52,-33,0,0,0,0,0,0,0,5,0,0
Meinbezirk.at,-10,-40,11,10,0,0,0,0,0,0,0,11,0,0
Deloton.com,0,0,0,0,0,0,0,0,0,0,0,0,0,0
Exoclick.com,0,0,0,0,0,0,0,0,0,0,0,0,0,0
Bluewin.ch,38,1647,208,23,0,0,0,44,0,0,10,8,0,0
Luzernerzeitung.ch,29,703,162,25,0,4,0,22,0,8,22,8,0,0
Dasoertliche.de,0,0,0,0,0,0,0,0,0,0,0,0,0,0
Booking.com,25,222,31,-14,0,0,0,0,0,0,0,0,0,0
Thestartmagazine.com,4,17,22,18,0,0,0,0,0,0,0,0,0,0
Epochtimes.de,-3,52,18,7,0,0,0,2,0,0,0,9,0,0
Bayern.de,0,0,0,0,0,0,0,0,0,0,0,0,0,0
24heures.ch,0,0,-3,0,0,0,0,0,0,0,0,1,1,0
Kooora.com,1,1,12,7,0,0,0,0,0,0,0,3,0,0
Sport1.de,-2,-4,-2,0,0,0,0,0,0,0,0,0,1,0
Airbnb.de,0,15,0,0,0,0,0,0,0,0,0,0,0,0
Mailchimp.com,-1,-8,-1,0,0,0,0,0,0,0,0,0,0,0
4tube.com,-5,-101,-14,-5,0,0,0,-4,0,0,0,0,0,0
Index.hu,-11,-46,-4,3,0,0,0,1,0,0,2,0,1,0
Freenet.de,2,146,87,51,0,0,0,17,0,0,14,7,0,0
Jobs.ch,-6,-23,-6,-3,0,0,0,0,0,0,-2,0,1,0
W3schools.com,0,0,0,0,0,0,0,0,0,0,0,0,0,0
Eventim.de,0,3,0,0,0,0,0,0,0,0,0,0,0,0
Sportalhd.com,0,0,0,0,0,0,0,0,0,0,0,0,0,1
Stackoverflow.com,-4,5,-2,1,0,0,0,0,0,0,0,2,0,0
Mediamarkt.at,0,0,1,0,0,0,0,0,0,0,0,0,1,0
Swissinfo.ch,0,0,0,0,0,0,0,0,0,0,0,0,0,0
Startpage.com,0,0,0,0,0,0,0,0,0,0,0,0,0,0
Wilmaa.com,0,0,0,0,0,0,0,0,0,0,0,0,0,0
Wikipedia.org,0,0,0,0,0,0,0,0,0,0,0,0,0,0
Br.de,0,0,0,0,0,0,0,0,0,0,0,0,0,0
Ams.or.at,0,0,0,0,0,0,0,0,0,0,0,0,0,0
Aparat.com,0,9,0,0,0,0,0,0,0,0,0,0,0,0
Webuntis.com,0,0,0,0,0,0,0,0,0,0,0,0,0,0
Deutsche-bank.de,0,0,0,0,0,0,0,0,0,0,0,0,0,0
Mjam.net,0,0,1,0,0,0,0,0,0,0,0,1,0,0
Deepl.com,0,0,0,0,0,0,0,0,0,0,0,0,0,0
Songtexte.com,63,3037,224,88,0,0,0,45,0,4,24,2,0,0
Zhaw.ch,0,0,0,0,0,0,0,0,0,0,0,0,0,0
Repubblica.it,0,-224,4,-5,0,0,0,0,0,0,0,-1,0,0
Russia.tv,17,1927,88,6,0,0,0,0,2,0,6,4,0,0
Bwin.com,0,0,6,0,0,0,0,0,0,0,0,6,0,0
Yaplakal.com,32,136,216,62,0,0,0,34,10,0,3,9,0,0
Mobile.de,2,103,6,-4,0,0,-1,0,0,0,0,3,0,0
Teletext.ch,5,70,122,6,0,0,0,43,0,0,2,7,0,0
Gazetaexpress.com,2,1026,10,2,0,0,0,0,0,0,0,0,0,0
Ddl-warez.to,1,4,3,3,0,0,0,0,0,0,0,0,0,0
Airbnb.at,0,-11,8,0,0,0,0,0,0,0,0,0,0,0
Hola.com,0,0,0,0,0,0,0,0,0,0,0,1,0,0
Admin.ch,0,0,0,0,0,0,0,0,0,0,0,0,0,0
Zalando.ch,0,0,0,0,0,0,0,0,0,0,0,0,0,0
Rt.com,-1,-24,2,0,0,0,0,0,0,-1,0,3,0,0
Hotels.com,0,0,0,0,0,0,0,0,0,0,0,0,0,0
Immonet.de,0,0,9,3,0,0,0,0,0,0,0,4,0,0
Geizhals.de,0,0,-2,0,0,0,0,0,0,0,0,0,1,0
Gala.de,-5,181,82,19,0,0,0,10,0,0,0,33,1,0
Zalando.at,0,0,0,0,0,0,0,0,0,0,0,0,0,0
Heavy-r.com,0,-10,8,4,0,0,0,0,0,0,2,2,0,0
Cnet.com,36,13077,221,55,0,0,3,4,0,2,25,22,0,0
Wordpress.com,0,0,0,0,0,0,0,0,0,0,0,0,0,0
Finanzen.ch,5,4,194,0,0,0,0,57,0,0,11,7,1,0
Gearbest.com,0,0,0,0,0,0,0,0,0,0,0,0,0,0
Ing-diba.de,0,0,0,0,0,0,0,0,0,0,0,0,0,0
Fhnw.ch,0,0,0,0,0,0,0,0,0,0,0,0,0,0
Bandcamp.com,-2,-1,-5,-6,0,0,0,0,0,0,0,0,0,0
Upc.at,0,0,0,0,0,0,0,0,0,0,0,0,1,0
Outbrain.com,0,0,1,0,0,0,0,0,0,0,0,0,0,0
Shop-apotheke.at,0,0,0,0,0,0,0,0,0,0,0,0,0,0
Hm.com,0,0,0,0,0,0,0,0,0,0,0,0,0,0
Pcgameshardware.de,0,226,61,-2,0,0,0,15,0,0,8,4,1,0
Movie4k.io,0,0,0,0,0,0,0,0,0,0,0,0,0,0
Fishki.net,-53,23,-242,-159,0,0,0,-16,0,-4,-63,8,1,0
Laola1.at,0,0,0,0,0,0,0,0,0,0,0,0,0,0
Fh-ooe.at,0,0,0,0,0,0,0,0,0,0,0,0,0,0
Pcwelt.de,9,950,95,51,0,0,0,1,0,0,0,14,1,0
Oload.download,0,0,0,0,0,0,0,0,0,0,0,0,0,0
Airbnb.ch,0,0,0,0,0,0,0,0,0,0,0,0,0,0
Tuwien.ac.at,0,0,0,0,0,0,0,0,0,0,0,0,0,0
Xhamsterlive.com,0,0,0,0,0,0,0,0,0,0,0,0,0,0
Reverso.net,-1,-17,8,1,0,0,0,0,0,0,0,5,1,0
Tipico.de,0,0,5,1,0,0,0,1,0,0,0,3,0,0
Idealo.de,0,-20,1,0,0,0,0,0,0,0,0,0,0,0
Geizhals.at,0,0,-2,0,0,0,0,0,0,0,0,0,1,0
Asianxv.com,1,12,5,0,0,0,0,0,0,0,0,3,0,0
Netdoktor.at,0,0,14,6,0,0,0,0,0,0,0,7,1,0
Vivo.sx,0,0,0,0,0,0,0,0,0,0,0,0,0,0
Tamilwin.com,0,0,14,0,0,0,0,0,0,0,0,5,0,0
Finanzen.at,1,31,14,-4,-1,1,0,-5,0,0,0,10,1,0
Pikabu.ru,1,-19,11,5,0,0,0,0,0,1,0,3,0,0
Sportschau.de,0,0,0,0,0,0,0,0,0,0,0,0,0,0
Be.ch,0,0,0,0,0,0,0,0,0,0,0,0,0,0
Pinterest.at,0,-10,0,0,0,0,0,0,0,0,0,0,0,0
Tubepornclassic.com,-6,-135,-9,-4,0,0,0,-4,0,0,0,4,1,0
Serienjunkies.de,0,0,0,0,0,0,0,0,0,0,0,0,0,0
Winfuture.de,3,-21,50,34,0,2,0,3,0,0,2,8,1,0
Record.pt,1,90,4,-1,0,0,0,0,0,0,0,5,0,0
Vienna.at,4,20,15,5,0,1,0,1,0,0,3,1,0,0
Stepstone.at,0,0,0,0,0,0,0,0,0,0,0,0,0,0
Zdf.de,0,0,0,0,0,0,0,0,0,0,0,0,0,0
Fussballoesterreich.at,0,0,0,0,0,0,0,0,0,0,0,0,0,0
Xxxlutz.at,0,0,-1,0,0,0,0,0,0,0,0,0,1,0
Hornbach.ch,0,0,0,0,0,0,0,0,0,0,0,0,0,0
Pearl.ch,0,0,0,0,0,0,0,0,0,0,0,0,0,1
Salzburg24.at,-2,5,-3,-2,0,0,0,0,0,0,-10,10,0,0
Targobank.de,0,0,0,0,0,0,0,0,0,0,0,0,0,0
Pinterest.com,0,21,0,0,0,0,0,0,0,0,0,0,1,0
Blickamabend.ch,2,27,28,0,0,0,0,16,0,0,0,0,0,0
Bergfex.at,0,-5,2,1,0,0,0,1,0,0,0,0,0,0
Nih.gov,0,0,0,0,0,0,0,0,0,0,0,0,0,0
Savefrom.net,0,0,-1,0,0,0,0,0,0,0,0,0,0,0
Holidaycheck.at,14,121,58,9,0,0,0,2,0,0,4,7,0,0
Yandex.ru,0,-5,0,0,0,0,0,0,0,0,0,0,0,0
Nurxxx.mobi,0,4,0,0,0,0,0,0,0,0,0,0,0,0
Tum.de,0,0,0,0,0,0,0,0,0,0,0,0,0,0
Doublepimpssl.com,0,0,0,0,0,0,0,0,0,0,0,0,0,0
Apple.com,0,0,0,0,0,0,0,0,0,0,0,0,0,0
Visualstudio.com,0,0,16,15,0,0,0,0,0,0,0,0,0,0
Sofort.com,0,0,0,0,0,0,0,0,0,0,0,0,0,0
Reallifecam.com,0,0,0,0,0,0,0,0,0,0,0,0,0,1
Kinopoisk.ru,2,-24,4,0,0,0,0,0,0,0,0,0,0,0
Pinterest.de,0,20,0,0,0,0,0,0,0,0,0,0,1,0
Epfl.ch,0,0,0,0,0,0,0,0,0,0,0,0,0,0
Ticinonews.ch,14,52,63,9,0,0,0,4,0,0,3,11,0,0
Ecosia.org,0,0,0,0,0,0,0,0,0,0,0,0,0,0
Stackexchange.com,0,0,0,0,0,0,0,0,0,0,0,0,0,0
Bento.de,-4,-715,23,-1,0,-1,0,0,0,-1,0,11,1,0
Sex.com,0,-8,1,0,0,0,0,0,0,0,0,1,0,0
Spox.com,4,-2819,2,2,0,0,0,0,0,0,0,-2,0,0
Zvv.ch,0,0,0,0,0,0,0,0,0,0,0,0,0,0
Sportbible.com,0,0,-1,1,0,0,0,0,0,0,0,0,1,0
Facebook.com,2,4,3,1,0,0,0,0,0,0,1,0,1,0
Ots.at,0,0,0,0,0,0,0,0,0,0,0,0,0,0
Linguee.de,64,379,101,17,0,0,0,-1,0,0,0,4,1,0
Tagesspiegel.de,10,68,50,25,0,0,0,4,0,0,0,9,1,0
Newhome.ch,0,0,1,0,0,0,0,0,0,0,0,1,0,0
Hornbach.de,0,0,0,0,0,0,0,0,0,0,0,0,0,0
Pearl.de,0,0,0,0,0,0,0,0,0,0,0,0,0,1
Orf.at,2,527,8,2,0,0,0,3,0,0,0,0,0,0
Filmpalast.to,0,0,0,0,0,0,0,0,0,0,0,0,0,0
Pinterest.ch,0,14,0,0,0,0,0,0,0,0,0,0,0,0
Thepiratebay.org,0,0,0,0,0,0,0,0,0,0,0,0,1,0
Otto.de,1,1,5,2,0,0,0,0,0,1,0,2,0,0
Holidaycheck.de,28,246,81,15,0,0,0,4,0,0,8,6,0,0
Lemonde.fr,29,275,106,47,0,0,0,50,0,0,12,9,1,0
Gidonline.in,1,350,7,0,0,0,0,1,0,0,1,1,0,0
Anibis.ch,0,0,5,0,0,0,0,1,0,0,1,0,0,0
Gazzetta.it,0,0,0,0,0,0,0,0,0,0,0,0,0,0
Kinozal.tv,10,1095,74,44,0,0,0,2,1,0,9,0,0,0
Giga.de,0,0,33,10,0,0,0,0,0,0,0,12,0,0
Salt.ch,0,0,0,0,0,0,0,0,0,0,0,0,0,0
Check24.de,0,0,0,0,0,0,0,0,0,0,0,0,0,0
My-store.ch,0,0,0,0,0,0,0,0,0,0,0,0,0,0
Futurezone.at,0,24,-1,0,0,0,0,0,0,0,0,2,0,0
Samsung.com,0,0,0,0,0,0,0,0,0,0,0,0,0,0
Baidu.com,0,0,0,0,0,0,0,0,0,0,0,0,1,0
Tube8.com,0,6,4,2,0,0,0,0,0,0,0,1,1,0
List-manage.com,0,0,0,0,0,0,0,0,0,0,0,0,0,0
Ladies.de,0,0,0,0,0,0,0,0,0,0,0,0,0,0
Fust.ch,-1,-4,-6,-2,0,0,0,0,0,0,0,-2,0,0
Endloseporno.com,0,0,0,0,0,0,0,0,0,0,0,0,1,0
Nrw.de,0,0,0,0,0,0,0,0,0,0,0,0,0,0
Google.ru,0,0,0,0,0,0,0,0,0,0,0,0,0,0
Epicgames.com,0,0,0,0,0,0,0,0,0,0,0,0,0,0
Computerbild.de,4,10,57,20,0,0,0,5,0,0,1,9,0,0
Battle.net,0,0,0,0,0,0,0,0,0,0,0,0,0,0
Hofer.at,0,0,0,0,0,0,0,0,0,0,0,0,0,0
Paypal.com,0,3,0,0,0,0,0,0,0,0,0,0,0,0
Moebelix.at,0,0,0,0,0,0,0,0,0,0,0,0,1,0
Cardcomplete.com,0,0,0,0,0,0,0,0,0,0,0,0,0,0
Checkfelix.com,-12,-31,-31,-14,0,0,0,0,0,-1,-10,1,1,0
Nytimes.com,1,15,-10,-5,0,0,0,0,0,0,0,-4,1,0
Mirtesen.ru,0,0,1,0,0,0,0,0,0,0,0,0,0,0
Hornbach.at,0,-5,0,0,0,0,0,0,0,0,0,0,0,0
Bs.to,0,0,0,0,0,0,0,0,0,0,0,0,0,0
Tagblatt.ch,23,391,138,22,0,3,0,17,0,6,18,7,0,0
Stepstone.de,0,0,0,0,0,0,0,0,0,0,0,0,0,0
Diepresse.com,0,0,18,1,0,0,0,1,0,0,1,7,1,0
Portal.at,0,0,0,0,0,0,0,0,0,0,0,0,0,0
Youtube.com,-2,-71,-28,-7,0,0,0,0,0,0,0,0,1,0
Lentainform.com,0,-6,0,0,0,0,0,0,0,0,0,0,0,0
Nettoshop.ch,-1,-21,-1,0,0,0,0,0,0,0,0,0,0,0
Arte.tv,0,0,0,0,0,0,0,0,0,0,0,0,0,0
Interwetten.com,0,0,2,0,0,0,0,0,0,0,0,2,0,0
Ryanair.com,0,0,0,0,0,0,0,0,0,0,0,0,0,0
Lidl.at,0,0,0,0,0,0,0,0,0,0,0,0,0,0
Telewebion.com,0,0,0,0,0,0,0,0,0,0,0,0,0,0
Adobe.com,0,0,0,0,0,0,0,0,0,0,0,0,0,0
Google.pt,0,0,0,0,0,0,0,0,0,0,0,0,0,0
Airbnb.com,0,-2,0,0,0,0,0,0,0,0,0,0,0,0
Bcv.ch,-123,12394,-443,-96,0,-1,-11,-2,-6,-40,-75,-1,0,0
Gamepedia.com,0,0,0,0,0,0,0,0,0,0,0,0,0,0
Alibaba.com,0,0,0,0,0,0,0,0,0,0,0,0,1,0
Yandex.ua,14,-19,35,17,1,0,0,1,0,0,4,-1,0,0
Help.gv.at,0,0,0,0,0,0,0,0,0,0,0,0,0,0
Noen.at,-34,71,-51,-3,0,0,-6,0,0,-1,-9,2,1,0
Imdb.com,0,0,0,0,0,0,0,0,0,0,0,0,0,0
Tio.ch,11,50,57,21,0,0,0,10,2,0,11,2,0,0
Dkn.tv,0,-27,13,0,0,0,0,0,0,0,0,3,0,0
Arbeiterkammer.at,0,0,0,0,0,0,0,0,0,0,0,0,0,0
A1.net,2,13,3,0,0,0,0,0,0,0,0,0,0,0
Bauhaus.at,0,0,0,0,0,0,0,0,0,0,0,0,0,0
Kickstarter.com,0,0,0,0,0,0,0,0,0,0,0,0,0,0
Comparis.ch,0,0,1,0,0,0,0,0,0,0,0,1,0,0
Schweizmobil.ch,0,0,8,2,0,0,0,4,0,0,2,0,0,0
Wetter.de,11,625,67,21,0,0,0,2,0,1,4,16,1,0
Kp.ru,-20,-91,-15,-8,0,0,0,2,0,-4,2,5,1,0
Wirecard.com,0,0,0,0,0,0,0,0,0,0,0,0,0,0
Bongacams.com,0,0,-2,0,0,0,0,0,0,0,0,0,0,0
Sabah.com.tr,1,-4,22,14,0,0,0,1,0,0,1,4,0,0
Telegraph.co.uk,8,2784,24,18,0,-2,-8,-11,0,0,-6,10,1,0
Ph-online.ac.at,0,0,0,0,0,0,0,0,0,0,0,0,0,0
Pctipp.ch,12,694,70,6,0,0,0,6,0,0,3,9,1,0
Bloomberg.com,0,0,17,11,0,0,0,1,0,0,0,0,0,0
Search.ch,0,8,0,0,0,0,0,0,0,0,0,0,0,0
Yourporn.sexy,30,1248,126,80,0,0,0,2,0,0,10,2,1,0
Tugraz.at,0,0,0,0,0,0,0,0,0,0,0,0,0,0
Gebrauchtwagen.at,0,-3,0,0,0,0,0,0,0,0,0,1,0,0
Strava.com,2,13,3,0,0,0,0,0,0,0,0,0,0,0
Sky.de,0,0,0,0,0,0,0,0,0,0,0,0,1,0
Yts.am,43,1987,96,29,0,0,0,0,0,0,6,1,1,0
Zamg.ac.at,0,0,0,0,0,0,0,0,0,0,0,0,0,0
Google.es,0,0,0,0,0,0,0,0,0,0,0,0,0,0
Pornhub.com,-5,-62,-6,-3,0,0,0,0,0,0,-2,3,1,0
Feedly.com,0,0,0,0,0,0,0,0,0,0,0,0,0,0
Onlinevideoconverter.com,5,560,31,2,0,0,0,0,0,0,0,8,0,0
Wowhead.com,67,5616,180,103,0,0,0,4,0,0,19,8,0,0
E-assura.ch,0,0,0,0,0,0,0,0,0,0,0,0,0,0
Ge.ch,0,0,0,0,0,0,0,0,0,0,0,0,0,0
Ard.de,0,0,0,0,0,0,0,0,0,0,0,0,0,0
Rutube.ru,0,0,0,0,0,0,0,0,0,0,0,0,0,0
Web.de,63,1636,166,40,0,0,0,-4,0,0,0,11,0,0
Mopo.de,22,850,77,35,0,0,0,22,0,0,14,1,1,0
Mindfactory.de,0,0,0,0,0,0,0,0,0,0,0,0,0,0
Arminius.io,0,-2,0,0,0,0,0,0,0,0,0,0,0,0
Echo.msk.ru,59,4095,304,19,0,0,0,13,7,0,43,1,1,0
Google.ch,0,0,0,0,0,0,0,0,0,0,0,0,0,0
Google.com,6,47,18,11,0,0,0,1,0,0,0,-1,0,1
Sbb.ch,0,0,0,0,0,0,0,0,0,0,0,0,0,0
Homegate.ch,-10,-65,-23,-3,0,1,-4,2,0,-8,-8,2,0,0
Turbobit.net,0,0,1,1,0,0,0,0,0,0,0,0,0,0
Duckduckgo.com,0,0,0,0,0,0,0,0,0,0,0,0,0,0
Discordapp.com,0,0,0,0,0,0,0,0,0,0,0,0,0,0
Lbb.de,0,0,0,0,0,0,0,0,0,0,0,0,0,0
Google.de,6,47,18,11,0,0,0,1,0,0,0,-1,0,1
Norisbank.de,0,0,0,0,0,0,0,0,0,0,0,0,0,0
Yumpu.com,0,0,1,0,0,0,0,0,0,0,0,0,0,0
Dw.com,0,0,0,0,0,0,0,0,0,0,0,1,0,0
Mydirtyhobby.com,0,0,0,0,0,0,0,0,0,0,0,0,0,0
Xvideos.com,0,0,1,0,0,0,0,1,0,0,1,0,0,0
Voirfilms.ws,4,173,10,5,0,0,0,0,0,0,3,0,0,0
Morgenpost.de,20,715,48,3,0,0,0,0,0,0,7,4,1,0
Elvenar.com,0,0,0,0,0,0,0,0,0,0,0,0,0,0
Prom.ua,0,0,0,0,0,0,0,0,0,0,0,0,0,0
Spektrum.de,46,4737,121,31,0,0,2,3,0,0,3,8,1,0
Lotto.de,0,0,0,0,0,0,0,0,0,0,0,0,0,0
Computerbase.de,3,19,-12,0,0,0,0,0,0,0,0,-1,0,0
Livetv.sx,0,0,0,0,0,0,0,0,0,0,0,0,0,0
Liquipedia.net,0,0,0,0,0,0,0,0,0,0,0,0,0,0
Serienjunkies.org,0,0,0,0,0,0,0,0,0,0,0,0,0,0
Wiktionary.org,0,0,0,0,0,0,0,0,0,0,0,0,0,0
Digitec.ch,-10,-19,-16,-2,0,-2,0,-1,0,0,-2,0,0,0
Datatrans.com,0,0,0,0,0,0,0,0,0,0,0,0,0,0
4pda.ru,0,-1,0,0,0,0,0,0,0,0,0,0,0,0
Rozetka.com.ua,0,0,-1,0,0,0,0,1,0,0,0,2,1,0
Paypal-gifts.com,0,0,0,0,0,0,0,0,0,0,0,0,0,0
Cobalten.com,0,0,0,0,0,0,0,0,0,0,0,0,0,0
Ricardo.ch,2,2,2,0,0,0,0,0,0,0,0,0,0,0
Fiverr.com,-476,-1628,-1395,-178,0,-5,-16,-23,0,-29,-327,-9,0,1
Wienerzeitung.at,0,2,-2,0,0,0,0,0,0,0,0,0,0,0
Firmenabc.at,0,0,3,0,0,0,0,0,0,0,0,3,0,0
Chess.com,0,0,0,0,0,0,0,0,0,0,0,0,0,0
Google.hu,0,0,0,0,0,0,0,0,0,0,0,0,0,0
Shop-apotheke.com,1,2,-1,0,0,0,0,0,0,0,0,0,0,0
Rts.ch,0,-6,0,0,0,0,0,0,0,0,0,0,0,0
Filecrypt.cc,0,0,0,0,0,0,0,0,0,0,0,0,0,0
Hostpoint.ch,0,0,0,0,0,0,0,0,0,0,0,0,0,0
Compendium.ch,0,0,0,0,0,0,0,0,0,0,0,0,0,0
Thecryptogenius.com,0,0,0,0,0,0,0,0,0,0,0,0,0,0
Google.it,0,0,0,0,0,0,0,0,0,0,0,0,0,0
Geheimeflirtkontakte.com,0,0,0,0,0,0,0,0,0,0,0,0,0,0
Hotmovs.com,0,-1,2,0,0,0,0,4,0,0,4,-4,1,0
Lankasri.com,0,0,19,0,0,0,0,0,0,0,0,7,0,0
Banking-oberbank.at,0,0,0,0,0,0,0,0,0,0,0,0,0,0
Interdiscount.ch,0,0,0,0,0,0,0,0,0,0,0,0,0,0
1xbet.com,0,-2,0,0,0,0,0,0,0,0,0,0,0,0
Tag24.de,0,7,7,0,0,0,0,4,0,0,0,1,0,0
Proxer.me,0,0,0,0,0,0,0,0,0,0,0,0,0,0
Groupon.de,5,17,18,4,0,0,0,0,0,0,-1,0,0,0
Lematin.ch,0,2,-2,0,0,0,0,0,0,0,0,1,1,0
Jobup.ch,0,9,0,0,0,0,0,0,0,0,0,0,0,0
Google.fr,0,0,0,0,0,0,0,0,0,0,0,0,0,0
Sueddeutsche.de,1463,9846,3864,918,-3,39,58,295,0,119,516,13,1,1
Ebay-kleinanzeigen.de,3,-22,16,4,0,0,0,0,0,0,0,6,0,0
Aargauerzeitung.ch,1,4,18,1,0,0,0,3,0,0,2,1,1,0
Businessinsider.com,0,10,8,4,0,0,0,0,0,0,0,4,1,0
Coinmarketcap.com,0,0,30,1,0,0,0,2,0,0,0,18,0,0
Zendesk.com,2,13,4,0,0,0,0,0,0,0,0,0,0,0
Spankbang.com,13,49,64,26,0,0,0,0,0,0,16,0,0,0
Shpock.com,1,-70,2,0,0,0,0,0,0,0,0,0,0,0
Yahoo.com,0,0,0,0,0,0,0,0,0,0,0,0,0,1
Doccheck.com,0,0,7,2,0,0,0,3,0,0,1,0,0,0
Lapalingo.com,0,-1,0,0,0,0,0,0,0,0,0,0,0,0
Baur.de,0,0,0,0,0,0,0,0,0,0,0,0,1,0
Larousse.fr,0,0,0,0,0,0,0,0,0,0,0,0,0,0
Myway.com,0,0,0,0,0,0,0,0,0,0,0,0,0,0
Bauhaus.info,19,26,41,0,0,0,0,0,0,0,20,0,0,0
Berndsbumstipps.net,0,0,0,0,0,0,0,0,0,0,0,0,0,0
Imagebam.com,0,0,0,0,0,0,0,0,0,0,0,0,1,0
Ok.ru,0,0,0,0,0,0,0,0,0,0,0,0,0,0
Cineplexx.at,9,1016,18,4,0,0,0,0,0,0,0,3,0,0
Amateurcommunity.com,2,65,-3,0,0,0,0,-2,0,0,0,0,0,0
Ardmediathek.de,0,0,0,0,0,0,0,0,0,0,0,0,0,0
Vodafone.de,4,187,3,0,0,0,0,0,0,0,0,-1,0,0
Migros.ch,0,5,-2,-1,0,0,0,-1,0,0,0,0,1,0
Huffingtonpost.de,18,154,68,9,0,0,0,6,0,0,4,6,0,0
Kicktipp.ch,0,0,0,0,0,0,0,0,0,0,0,1,0,0
Erotikforum.at,0,0,0,0,0,0,0,0,0,0,0,0,0,0
Jimdo.com,0,0,0,0,0,0,0,0,0,0,0,0,0,0
Bild.de,629,3359,2079,386,-1,35,83,208,0,65,404,1,1,1
Planetromeo.com,0,0,0,0,0,0,0,0,0,0,0,0,0,0
Koha.net,0,0,2,0,0,0,0,1,0,0,1,0,0,0
20min.ch,1,29,9,2,0,0,0,1,0,0,0,6,1,0
Xdate.ch,0,0,0,0,0,0,0,0,0,0,0,0,0,0
Kicktipp.de,0,0,0,0,0,0,0,0,0,0,0,1,0,0
Ichkoche.at,0,0,12,1,0,0,0,0,0,0,0,6,1,0
Letemps.ch,19,52,138,32,0,0,0,36,0,0,7,5,0,0
Bazonline.ch,3,59,6,1,0,0,0,0,0,0,1,4,1,0
Bunte.de,3,-10,-8,1,0,1,0,-5,0,0,12,2,1,0
Steamcommunity.com,0,0,-2,-2,0,0,0,0,0,0,0,0,0,0
Gmx.at,52,1350,168,48,0,0,0,3,0,2,5,8,0,0
Blick.ch,21,1144,143,17,0,0,0,36,0,0,7,7,0,0
Github.com,0,0,0,0,0,0,0,0,0,0,0,0,0,0
Cembra.ch,0,0,0,0,0,0,0,0,0,0,0,0,0,0
Kaufda.de,0,0,0,0,0,0,0,0,0,0,0,0,0,0
Sciencedirect.com,4,22,-11,-4,0,0,0,-1,0,-2,0,0,0,0
Europa.eu,0,0,0,0,0,0,0,0,0,0,0,0,0,0
Sn.at,0,0,-4,-6,0,0,0,-5,0,0,0,7,1,0
Locanto.at,10,26,28,7,0,0,0,0,3,0,3,0,0,0
Wu.ac.at,0,0,0,0,0,0,0,0,0,0,0,0,0,0
Gutekueche.at,2,35,13,4,0,0,0,1,0,0,1,3,0,0
Openload.co,0,0,0,0,0,0,0,0,0,0,0,0,0,0
Dhlpaket.at,0,0,0,0,0,0,0,0,0,0,0,0,0,0
Free.fr,0,0,0,0,0,0,0,0,0,0,0,0,0,0
Goldesel.to,15,52,51,8,0,0,0,5,0,0,5,0,0,0
Eporner.com,0,0,-1,0,0,0,0,0,0,0,0,0,0,0
Vimeo.com,-1,-11,0,0,0,0,0,0,0,0,0,0,0,0
Hds.to,0,0,0,0,0,0,0,0,0,0,0,0,0,0
Immobilienscout24.at,0,-1,-1,0,0,0,0,0,0,0,0,0,0,0
Berlin.de,1,1,28,6,0,0,0,0,0,0,0,5,0,0
Bawagpsk.com,0,0,0,0,0,0,0,0,0,0,0,0,0,0
Pornmd.com,0,0,0,0,0,0,0,0,0,0,0,0,0,0
Corriere.it,0,0,0,0,0,0,0,0,0,0,0,0,1,0
Txxx.com,-1,-4,1,0,0,0,0,0,0,0,0,1,1,0
Oeamtc.at,0,0,-2,-1,0,0,0,0,0,0,0,-1,0,0
Tagesanzeiger.ch,3,57,9,1,0,0,0,0,0,0,1,5,1,0
Conforama.ch,-74,-192,-155,-23,0,0,0,-4,0,-3,-44,-1,1,0
Gog.com,0,0,0,0,0,0,0,0,0,0,0,0,0,0
Steg-electronics.ch,0,0,0,0,0,0,0,0,0,0,0,0,0,0
Who.int,0,0,0,0,0,0,0,0,0,0,0,0,0,0
Convert2mp3.net,0,0,2,0,0,0,0,0,0,0,0,1,0,0
Bonprix.de,0,0,-1,0,0,0,0,0,0,0,0,0,0,0
Roblox.com,0,0,0,0,0,0,0,0,0,0,0,0,0,0
Dict.cc,0,-3,0,0,0,0,0,0,0,0,0,0,0,0
Etsy.com,-2,-181,-2,-1,0,0,0,0,0,0,0,0,1,0
Businessinsider.de,0,3,8,4,0,0,0,0,0,0,0,4,1,0
Arcor.de,-1,3,45,16,0,0,0,-7,0,0,0,20,1,0
Autoscout24.de,-1,-3,10,4,0,0,0,3,0,0,3,1,1,0
Fremdgehen69.com,0,-8,0,0,0,0,0,0,0,0,0,0,0,0
Siteadvisor.com,0,0,18,2,0,0,0,13,0,0,0,0,0,0
Oeticket.com,0,0,2,0,0,0,0,0,0,0,0,1,0,0
Trello.com,0,0,0,0,0,0,0,0,0,0,0,0,0,0
Aol.com,0,0,0,0,0,0,0,0,0,0,0,0,0,1
Autoscout24.ch,3,11,46,1,0,0,0,4,0,0,3,9,0,0
Ntd.tv,0,0,22,6,0,0,0,0,0,0,0,5,0,0
Dastelefonbuch.de,-1,-7,3,2,0,0,0,-1,0,0,-1,4,0,0
Kinox.to,6,986,50,30,0,0,0,3,0,0,12,0,1,0
Canva.com,6,119,16,6,0,0,0,1,0,0,3,0,0,0
Whatsapp.com,0,0,0,0,0,0,0,0,0,0,0,0,1,0
N-tv.de,5,155,58,12,0,0,0,0,0,0,0,21,0,0
Skype.com,0,0,0,0,0,0,0,0,0,0,0,0,0,0
Commentcamarche.net,0,-2,7,3,0,0,0,0,0,0,0,3,1,0
Nxctrk.com,0,0,0,0,0,0,0,0,0,0,0,0,0,0
Meindm.at,0,0,0,0,0,0,0,0,0,0,0,0,0,0
Heute.at,-13,-331,-98,-63,0,0,-3,0,0,0,0,-2,0,0
Google.at,0,0,0,0,0,0,0,0,0,0,0,0,0,0
Deindeal.ch,2,13,3,0,0,0,0,0,0,0,0,0,0,0
Thesaurus.com,0,0,21,3,0,0,0,0,0,0,0,10,0,0
Alternate.de,3,13,14,0,0,0,0,0,0,0,0,2,0,0
Arabdict.com,0,0,17,0,0,0,0,0,0,0,0,4,0,0
Autoscout24.at,-1,-2,1,0,0,0,0,0,0,0,0,1,1,0
Wetter.at,0,-2,10,0,0,0,0,0,0,0,0,2,0,0
Welt.de,-1,30,39,34,0,0,0,2,0,0,1,1,1,0
Xtube.com,-1,-3,-3,-2,0,0,0,0,0,0,0,0,1,0
Ab-in-den-urlaub.de,-1,-2,-2,0,0,0,0,0,0,0,0,0,0,0
Wargaming.net,0,0,0,0,0,0,0,0,0,0,0,0,1,0
Englishforum.ch,17,360,34,11,0,0,0,0,0,0,0,0,1,0
Local.ch,-3,-15,-3,-3,0,0,0,0,0,0,-1,1,0,0
Bikester.ch,0,0,0,0,0,0,0,0,0,0,0,0,1,0
Google.co.in,0,0,0,0,0,0,0,0,0,0,0,0,0,0
Ronorp.net,0,0,1,0,0,0,0,0,0,0,0,0,0,0
Ottoversand.at,0,0,0,0,0,0,0,0,0,0,0,0,0,0
Switch.ch,0,0,0,0,0,0,0,0,0,0,0,0,0,0
Handy-signatur.at,0,0,0,0,0,0,0,0,0,0,0,0,0,0
Ubs.com,0,0,0,0,0,0,0,0,0,0,0,0,0,0
Xe.com,0,0,0,0,0,0,0,0,0,0,0,0,0,0
Seasonvar.ru,1,338,7,0,0,0,0,1,0,0,1,1,0,0
Kicktipp.at,0,0,0,0,0,0,0,0,0,0,0,1,0,0
Golem.de,33,3771,90,10,0,0,0,-7,0,0,0,11,1,0
Ams.at,0,0,0,0,0,0,0,0,0,0,0,0,0,0
Aau.at,0,0,0,0,0,0,0,0,0,0,0,0,0,0
Doodle.com,0,0,0,0,0,0,0,0,0,0,0,0,0,0
Gmx.ch,77,2686,205,52,0,0,0,-5,0,6,3,7,0,0
Aldi-suisse.ch,0,0,0,0,0,0,0,0,0,0,0,0,0,0
Movie-blog.org,0,0,3,2,0,0,0,0,0,0,0,1,0,0
Adright.co,0,0,0,0,0,0,0,0,0,0,0,0,0,0
Bbc.com,1,13,3,0,0,0,0,0,0,1,0,3,0,0
Dropbox.com,0,0,0,0,0,0,0,0,0,0,0,0,0,0
Leagueoflegends.com,0,0,1,0,0,0,0,0,0,0,0,0,0,0
Lidl.de,-9,-684,-20,-6,0,0,0,0,0,0,-9,0,0,0
Spotify.com,3,16,11,0,0,0,0,0,0,0,0,1,0,0
Imgur.com,0,0,0,0,0,0,0,0,0,0,0,0,0,0
Unige.ch,0,0,0,0,0,0,0,0,0,0,0,0,0,0
Kurier.at,0,-17,-4,0,0,0,0,0,0,0,0,1,0,0
Qoqa.ch,0,0,0,0,0,0,0,0,0,0,0,0,0,0
Google.com.tr,0,0,0,0,0,0,0,0,0,0,0,0,0,0
Wetter.com,45,948,64,3,0,0,-1,-4,0,0,0,3,1,0
T-online.de,-13,-71,-44,-14,0,0,0,-5,0,0,-6,3,0,0
Hattrick.org,0,0,0,0,0,0,0,0,0,0,0,0,0,0
Euronews.com,-1,96,19,7,0,0,0,0,0,0,0,6,0,0
Google.com.ua,0,0,0,0,0,0,0,0,0,0,0,0,0,0
Express.co.uk,3,6,18,5,0,0,0,5,0,0,3,1,1,0
Tvspielfilm.de,31,311,88,13,0,0,0,1,0,0,8,5,1,0
Flixbus.at,0,0,0,0,0,0,0,0,0,0,0,0,0,0
Independent.co.uk,0,0,7,1,0,0,0,0,0,0,0,2,1,0
Linguee.com,56,239,103,23,0,0,0,1,0,0,0,4,0,0
Microspot.ch,0,0,1,0,0,0,0,0,0,0,0,0,0,0
Twitter.com,0,0,0,0,0,0,0,0,0,0,0,0,0,0
Foys.vip,0,0,0,0,0,0,0,0,0,0,0,0,0,0
Exlibris.ch,1,16,4,0,0,0,0,0,0,0,0,0,0,0
Ixxx.com,0,0,0,0,0,0,0,0,0,0,0,0,0,0
Jobagent.ch,0,-10,0,0,0,0,0,0,0,0,0,1,0,0
Deutschepost.de,-3,16,-4,0,0,0,0,0,0,1,0,0,0,0
Jobscout24.ch,0,0,0,0,0,0,0,0,0,0,0,0,0,0
Apotheken-umschau.de,38,3791,114,22,0,0,0,0,0,0,0,11,0,0
Steampowered.com,-11,-28,-41,-46,0,0,0,0,0,0,0,0,0,0
Buzzfeed.com,0,2,0,0,0,0,0,0,0,0,0,0,0,1
Google.co.uk,0,0,0,0,0,0,0,0,0,0,0,0,0,0
Jku.at,0,0,0,0,0,0,0,0,0,0,0,0,0,0
4chan.org,-2,-18,9,0,0,0,0,4,0,0,0,3,0,0
Slack.com,0,0,0,0,0,0,0,0,0,0,0,0,0,0
Soundcloud.com,0,0,0,0,0,0,0,0,0,0,0,0,0,0
Roteskreuz.at,0,0,0,0,0,0,0,0,0,0,0,0,0,0
Oracle.com,0,0,0,0,0,0,0,0,0,0,0,0,0,0
Bka.gv.at,0,0,0,0,0,0,0,0,0,0,0,0,0,0
Faz.net,28,2894,73,8,0,0,0,0,0,-10,-3,8,1,0
Tvnow.at,5,131,35,5,0,0,0,0,0,0,0,10,0,0
Shutterstock.com,1,9,1,0,0,0,0,0,0,0,0,0,0,0
Gmx.net,74,1148,94,11,1,0,0,-29,0,5,-22,11,0,0
Zalando-lounge.ch,1,8,2,0,0,0,0,0,0,0,0,0,0,0
Obvsg.at,0,0,0,0,0,0,0,0,0,0,0,0,0,0
Streamcloud.eu,0,0,0,0,0,0,0,0,0,0,0,0,0,0
Cardcenter.ch,0,0,0,0,0,0,0,0,0,0,0,0,0,0
Zononi.com,126,-521,177,22,0,3,3,7,0,1,3,0,0,0
Meduniwien.ac.at,0,-10,-5,-1,0,0,0,0,0,0,0,0,0,0
Tumblr.com,0,0,0,0,0,0,0,0,0,0,0,0,0,0
Wko.at,0,445,-1,-2,0,0,0,0,0,0,0,0,0,0
E-hentai.org,0,-44,3,3,0,0,0,0,0,0,0,3,0,0
9gag.com,11,303,2,-1,0,0,-5,-5,0,0,-5,0,0,0
Ch.ch,0,0,0,0,0,0,0,0,0,0,0,0,0,0
Eat.ch,0,0,0,0,0,0,0,0,0,0,0,0,0,0
Saturn.de,0,0,7,2,0,0,0,0,0,0,0,3,1,0
Gutefrage.net,0,0,1,0,0,0,0,0,0,0,0,0,0,0
Ultimate-guitar.com,0,-57,1,0,0,0,0,0,0,0,0,0,1,0
Issuu.com,0,0,0,0,0,0,0,0,0,0,0,1,0,0
Zone-telechargement1.com,0,0,17,8,0,0,0,0,0,0,0,0,0,0
Flixbus.de,0,0,-1,0,0,0,0,0,0,0,0,0,0,0
Lequipe.fr,-6,-28,35,24,0,0,0,0,0,0,0,13,0,0
Herold.at,0,0,0,0,0,0,0,0,0,0,0,0,0,0
Fernsehserien.de,0,7,5,0,0,0,0,0,0,0,0,1,0,0
Force.com,0,0,0,0,0,0,0,0,0,0,0,0,1,0
Testberichte.de,0,0,1,0,0,0,0,0,0,0,0,0,1,0
Tnaflix.com,-3,-72,-2,-3,0,0,0,0,0,0,0,3,0,0
Tvnow.de,5,131,35,5,0,0,0,0,0,0,0,10,0,0
Elpais.com,5,5,82,32,0,0,0,1,0,0,1,31,0,0
Pr0gramm.com,0,0,3,0,0,0,0,-1,0,0,-1,1,0,0
Archive.org,0,0,0,0,0,0,0,0,0,0,0,0,0,0
Wdr.de,0,0,0,0,0,0,0,0,0,0,0,0,0,0
Office.com,0,0,0,0,0,0,0,0,0,0,0,0,0,0
Ikea.com,0,0,0,0,0,0,0,0,0,0,0,0,0,0
Garmin.com,-334,11790,-935,-59,-8,-34,0,-20,0,-19,-245,-2,0,1
Beobachter.ch,2,24,18,1,0,0,0,8,0,0,1,0,0,0
Univie.ac.at,0,0,0,0,0,0,0,0,0,0,0,0,0,0
Kleiderkreisel.de,3,81,16,1,0,0,0,0,0,0,0,5,0,0
Spiegel.de,14,11,73,25,0,1,0,6,0,-3,1,12,1,0
E-tec.at,0,0,0,0,0,0,0,0,0,0,0,0,0,0
S.to,0,0,0,0,0,0,0,0,0,0,0,0,1,0
Rivalo.network,0,0,0,0,0,0,0,0,0,0,0,0,0,0
Livejasmin.com,0,0,-1,0,0,0,0,0,0,0,0,0,0,0
Berliner-sparkasse.de,0,0,0,0,0,0,0,0,0,0,0,0,0,0
Saturn.at,0,0,1,0,0,0,0,0,0,0,0,0,1,0
Vporn.com,-3,-97,-14,-7,0,0,0,-3,0,0,-3,3,1,0
Share-online.biz,0,0,0,0,0,0,0,0,0,0,0,0,0,0
Orellfuessli.ch,0,0,0,0,0,0,0,0,0,0,0,0,0,0
1und1.de,0,0,-1,0,0,0,0,0,0,0,0,-1,0,0
Heise.de,0,2,-6,0,0,0,0,0,0,0,0,1,0,0
Meteocentrale.ch,0,0,4,0,0,0,0,0,0,0,0,1,0,0
Adac.de,0,0,0,0,0,0,0,0,0,0,0,0,0,0
Thomann.de,0,0,0,0,0,0,0,0,0,0,0,0,0,0
Lefigaro.fr,0,-1,11,3,0,0,0,1,0,0,0,4,0,0
Rewe.de,1,38,83,43,0,0,0,0,0,0,9,20,0,0
Srf.ch,-24,-36,-39,-3,0,0,-1,-2,0,-4,-3,0,0,0
Spar.at,0,0,0,0,0,0,0,0,0,0,0,0,0,0
Lieferando.de,0,0,5,0,0,0,0,0,0,0,0,0,0,0
Oath.com,0,0,0,0,0,0,0,0,0,0,0,0,0,1
Raiffeisen.at,0,0,0,0,0,0,0,0,0,0,0,0,0,0
Wordpress.org,0,0,0,0,0,0,0,0,0,0,0,0,0,0
Cam4.de.com,12,13,46,22,0,0,0,11,0,0,12,0,0,0
Wienerlinien.at,0,0,0,0,0,0,0,0,0,0,0,0,0,0
Merkur.de,7,269,61,21,0,0,1,7,0,1,1,7,0,0
Dhl.de,0,0,0,0,0,0,0,0,0,0,0,0,0,0
Bankaustria.at,0,0,0,0,0,0,0,0,0,0,0,0,0,0
Zh.ch,0,0,0,0,0,0,0,0,0,0,0,0,0,0
Derwesten.de,21,287,76,26,0,1,0,-5,2,1,3,5,1,0
Hdrezka.ag,1,340,7,0,0,0,0,1,0,0,1,1,0,0
Tcs.ch,0,0,0,0,0,0,0,0,0,0,0,0,0,0
Tagesschau.de,0,0,0,0,0,0,0,0,0,0,0,0,0,0
Perfectgirls.net,0,2,0,0,0,0,0,0,0,0,0,0,1,0
Urbandictionary.com,0,0,5,0,0,0,0,0,0,0,0,3,0,0
Immowelt.de,0,0,-1,0,0,0,0,0,0,0,0,2,0,0
Directnet.com,0,0,0,0,0,0,0,0,0,0,0,0,0,0
Journalistenwatch.com,0,11,10,0,0,0,0,0,0,0,0,2,1,0
Idealo.at,0,0,1,0,0,0,0,0,0,0,0,0,0,0
Haspa.de,0,0,0,0,0,0,0,0,0,0,0,0,0,0
Ing-diba.at,0,0,0,0,0,0,0,0,0,0,0,0,0,0
Hqporner.com,0,-1,2,1,0,0,0,0,0,0,0,0,0,0
Infomaniak.com,0,-4,1,0,0,0,0,0,0,0,0,0,0,0
Pornq.com,0,0,0,0,0,0,0,0,0,0,0,0,1,0
Mydealz.de,0,0,0,0,0,0,0,0,0,0,0,0,0,0
Immoscout24.ch,4,19,30,10,0,1,0,3,0,1,3,4,0,0
Nzz.ch,4,49,49,8,0,0,0,4,0,0,2,4,1,0
Romandie.com,0,-1,6,2,0,0,0,0,0,0,0,1,0,0
Unibe.ch,0,0,0,0,0,0,0,0,0,0,0,0,0,0
Msn.com,0,0,0,0,0,0,0,0,0,0,0,0,1,0
Ochsnersport.ch,-29,-30,-84,0,0,0,0,0,0,0,-28,0,1,0
Techradar.com,-7,-688,10,18,0,0,0,-1,0,-3,0,0,1,0
Novoliner.com,0,0,0,0,0,0,0,0,0,0,0,0,0,0
Immowelt.at,0,0,14,2,0,0,0,0,0,0,0,4,0,0
Teleboy.ch,0,0,0,0,0,0,0,0,0,0,0,0,1,0
Gamestar.de,6,35,9,0,0,0,0,0,0,0,2,1,1,0
Kicker.de,-4,-23,-10,-8,0,0,0,-4,0,0,0,7,0,0
Tirol.gv.at,0,0,0,0,0,0,0,0,0,0,0,0,0,0
Fluege.de,0,0,0,0,0,0,0,0,0,0,0,0,1,0
Gameforge.com,0,0,0,0,0,0,0,0,0,0,0,0,0,1
Filmstarts.de,0,0,2,0,0,0,0,0,0,0,0,1,0,0
Zattoo.com,0,0,0,0,0,0,0,0,0,0,0,0,0,0
Ti.ch,0,0,0,0,0,0,0,0,0,0,0,0,0,0
Postfinance.ch,0,0,0,0,0,0,0,0,0,0,0,0,0,0
Chefkoch.de,20,289,123,27,0,0,2,10,0,6,9,20,0,0
Medium.com,0,0,0,0,0,0,0,0,0,0,0,0,0,0
Mediamarkt.ch,0,0,2,0,0,0,0,0,0,0,0,0,1,0
Eroprofile.com,13,450,38,29,0,0,0,0,0,0,5,-1,0,0
Wetteronline.de,-6,-43,-21,-11,0,0,0,-7,0,0,0,3,1,0
Autobild.de,39,760,226,112,0,0,0,38,0,0,21,14,0,0
Forgeofempires.com,0,0,0,0,0,0,0,0,0,0,0,0,0,0
Sportstreamguide.com,0,0,0,0,0,0,0,0,0,0,0,0,0,0
Hp.com,0,0,1,0,0,0,0,1,0,0,0,0,0,0
Durchblicker.at,0,0,0,0,0,0,0,0,0,0,0,0,0,0
Bbc.co.uk,1,15,2,0,0,0,0,0,0,1,0,3,0,0
Uibk.ac.at,0,0,0,0,0,0,0,0,0,0,0,0,0,0
Swissquote.ch,0,0,0,0,0,0,0,0,0,0,0,0,0,0
Huffingtonpost.com,18,138,85,15,0,0,0,9,0,0,4,7,0,0
Flickr.com,0,0,0,0,0,0,0,0,0,0,0,0,0,0
Voyeurhit.com,-1,-23,1,-2,0,0,0,0,0,0,0,0,1,0
Searchlock.com,0,0,0,0,0,0,0,0,0,0,0,0,0,0
Jizzbunker.com,0,1,7,4,0,0,0,1,0,0,0,1,0,0
Gametwist.com,2,9,5,1,0,0,0,1,0,0,1,0,0,0
Quoka.de,0,26,21,10,0,0,0,2,0,0,0,2,1,0
Joyclub.de,0,0,0,0,0,0,0,0,0,0,0,0,0,0
Pornpics.com,0,0,0,0,0,0,0,0,0,0,0,0,0,0
Bet365.com,0,0,0,0,0,0,0,0,0,0,0,0,0,0
Pixabay.com,0,0,0,0,0,0,0,0,0,0,0,0,0,0
Wetransfer.com,0,0,0,0,0,0,0,0,0,0,0,0,0,0
Manithan.com,0,0,10,0,0,0,0,0,0,0,0,4,0,0
Popads.media,0,0,0,0,0,0,0,0,0,0,0,0,0,0
Uni-graz.at,0,0,0,0,0,0,0,0,0,0,0,0,0,0
Yenisafak.com,0,0,-10,0,0,0,0,0,0,0,0,1,0,0
Sg.ch,0,0,0,0,0,0,0,0,0,0,0,0,0,0
Yespornplease.com,1,30,5,1,0,0,0,0,0,0,0,0,0,0
Avm.de,0,0,0,0,0,0,0,0,0,0,0,0,0,0
Mediamarkt.de,26,32,40,14,0,0,0,-2,0,0,4,0,1,0
Chip.de,16,141,29,11,0,0,0,8,0,0,4,-2,1,0
Microsoft.com,0,0,0,0,0,0,0,0,0,0,0,0,0,0
Landwirt.com,1,2,-10,-5,0,0,0,-4,0,0,0,0,1,0
Schule.at,0,0,0,0,0,0,0,0,0,0,0,0,0,0
Hclips.com,0,0,6,0,0,0,0,0,0,0,0,0,1,0
Rottentomatoes.com,0,0,-14,0,0,0,0,0,0,0,0,-1,1,0
Doubleclick.net,0,0,0,0,0,0,0,0,0,0,0,0,1,0
Sputniknews.com,-3,-41,-1,-5,0,0,0,3,0,-1,2,1,0,0
Kleinezeitung.at,0,0,19,2,0,0,0,1,0,0,1,7,1,0
Conrad.at,-3,-15,21,0,0,0,0,0,0,0,0,0,1,0
Aliexpress.com,0,-3,0,0,0,0,0,0,0,0,0,0,0,0
Moviepilot.de,1,47,-10,-8,0,0,0,-5,0,0,2,0,1,0
Surveymonkey.com,0,0,0,0,0,0,0,0,0,0,0,0,0,0
Nachrichten.at,-3,12,24,11,0,0,1,0,0,3,2,9,1,0
Tripadvisor.de,0,230,2,1,0,0,0,0,0,0,0,0,1,0
Badoo.com,0,0,0,0,0,0,0,0,0,0,0,0,0,0
Galaxus.ch,-151,-421,-1050,-203,0,0,-12,-41,0,-28,-82,0,0,0
Wetteronline.at,-6,-42,-23,-12,0,0,0,-7,0,0,0,2,1,0
Tchibo.de,0,0,0,0,0,0,0,0,0,0,0,0,0,0
Youporn.com,-6,-3,0,3,0,0,0,0,0,0,0,2,1,0
Sourceforge.net,0,5,1,0,0,0,0,1,0,0,0,0,1,0
Tripadvisor.ch,0,-231,-2,-1,0,0,0,0,0,0,0,0,1,0
Pipspread.com,0,0,38,3,0,0,0,0,0,0,0,9,0,0
Tripadvisor.com,0,1,0,0,0,0,0,0,0,0,0,0,1,0
Rivalo.com,5,5,0,0,0,0,0,0,0,0,0,0,0,0
Wix.com,0,0,0,0,0,0,0,0,0,0,0,0,0,0
Tripadvisor.at,0,1,0,0,0,0,0,0,0,0,0,0,1,0
Playstation.com,0,0,0,0,0,0,0,0,0,0,0,0,0,0
Conrad.ch,0,9,16,0,0,0,0,14,0,0,0,-1,0,0
Bettybossi.ch,0,0,0,0,0,0,0,0,0,0,0,0,0,0
Easybank.at,0,0,0,0,0,0,0,0,0,0,0,0,0,0
Theguardian.com,1,1,15,10,0,0,0,0,0,0,0,3,1,0
Xing.com,0,0,0,0,0,0,0,0,0,0,0,0,0,0
Messenger.com,0,5,5,0,0,0,0,0,0,0,0,0,1,0
Lieferservice.at,0,157,4,0,0,0,0,0,0,0,0,0,0,0
Conrad.de,19,78,225,96,0,0,0,8,0,0,32,1,0,0
Tradingview.com,0,-10,0,0,0,0,0,0,0,0,0,0,0,0
Popads.net,0,0,0,0,0,0,0,0,0,0,0,0,0,1
Op.gg,35,478,58,29,0,0,0,-1,0,0,7,4,0,0
Livescore.com,0,0,21,0,0,0,0,0,0,0,0,12,0,0
Bet-at-home.com,0,-6,1,0,0,0,0,0,0,0,0,0,1,0
Icloud.com,0,0,-13,0,0,0,0,0,0,0,0,0,0,0
Swiss.com,0,0,0,0,0,0,0,0,0,0,0,0,0,0
World4you.com,0,0,-3,0,0,0,0,0,0,0,0,0,0,0
Eduscho.at,0,0,0,0,0,0,0,0,0,0,0,0,0,0
Thumbzilla.com,0,0,0,0,0,0,0,0,0,0,0,0,0,0
Vd.ch,0,0,0,0,0,0,0,0,0,0,0,0,0,0
Porn.com,0,10,-2,0,0,0,0,0,0,0,0,2,0,0
Haber7.com,10,131,61,31,0,0,0,8,0,0,8,2,0,0
Datatrans.biz,0,0,0,0,0,0,0,0,0,0,0,0,0,0
Poppen.de,0,0,0,0,0,0,0,0,0,0,0,0,0,0
Lenta.ru,0,-5,0,0,0,0,0,0,0,0,0,0,1,0
Baskino.me,13,422,64,31,0,0,0,6,0,0,12,1,0,0
Avaz.ba,-8,-32,0,0,0,0,0,0,0,0,0,2,0,0
Westbahn.at,0,0,0,0,0,0,0,0,0,0,0,0,0,0
Focus.de,3,66,43,5,0,0,0,5,0,0,0,7,1,0
Redtube.com,-3,-4,4,1,0,0,0,0,0,0,2,2,1,0
Wikimedia.org,0,0,0,0,0,0,0,0,0,0,0,0,0,0
Petitesannonces.ch,0,0,0,0,0,0,0,0,0,0,0,0,0,0
Educanet2.ch,0,0,0,0,0,0,0,0,0,0,0,0,0,1
Youjizz.com,3,50,4,1,0,0,0,-3,0,0,-3,2,0,0
Rsi.ch,0,0,11,0,0,0,0,0,0,0,0,2,0,0
Goodreads.com,11,49,40,21,0,1,0,3,0,0,7,1,0,0
E-ams.at,0,0,0,0,0,0,0,0,0,0,0,0,0,0
Bahn.de,0,0,0,0,0,0,0,0,0,0,0,0,0,0
Bexio.com,0,0,0,0,0,0,0,0,0,0,0,0,0,0
Aol.de,0,0,0,0,0,0,0,0,0,0,0,0,0,1
Finanzen.net,-1,13,22,7,0,0,0,2,0,0,-2,7,1,0
Trustpilot.com,0,0,0,0,0,0,0,0,0,0,0,0,0,0
Mozilla.org,0,0,0,0,0,0,0,0,0,0,0,0,0,0
Post.ch,0,0,0,0,0,0,0,0,0,0,0,0,0,0
Dlvr.live,-50,-343,-165,-23,0,0,0,-17,-10,0,-11,3,0,1
Melectronics.ch,-6,11,-26,-13,0,0,-1,-1,0,-3,-1,1,0,0
Mediafire.com,0,0,2,0,0,0,0,0,0,0,0,0,0,0
Dawanda.com,0,-11,0,0,0,0,0,0,0,0,0,0,0,0
Post.at,0,0,0,0,0,0,0,0,0,0,0,0,0,0
Olx.ua,21,25,21,-3,0,0,0,-3,0,0,3,-2,1,0
Win2day.at,0,4,0,0,0,0,0,0,0,0,0,0,0,0
Tutti.ch,0,2,0,0,0,0,0,0,0,0,0,1,1,0
Uploaded.net,0,0,1,1,0,0,0,0,0,0,0,0,0,0
Bauundhobby.ch,1,21,1,0,0,0,0,0,0,0,0,0,0,0
Chaturbate.com,-102,-265,-175,-33,0,0,0,-11,0,0,-54,4,0,0
Researchgate.net,0,0,-1,-1,0,0,0,0,0,0,0,-1,0,0
Unil.ch,0,0,0,0,0,0,0,0,0,0,0,0,0,0
Credit-suisse.com,0,0,0,0,0,0,0,0,0,0,0,0,0,0
Consorsbank.de,0,0,0,0,0,0,0,0,0,0,0,0,0,0
Netzwelt.de,0,0,29,5,0,0,0,1,0,0,0,6,0,0
Xnxx.com,0,0,4,0,0,0,0,2,0,0,2,0,0,0
Zkb.ch,0,0,0,0,0,0,0,0,0,0,0,0,0,0
Dref.pw,0,0,0,0,0,0,0,0,0,0,0,0,0,0
Karriere.at,1,1,-16,0,0,0,0,0,0,0,0,0,0,0
T-mobile.at,0,0,0,0,0,0,0,0,0,0,0,0,0,0
Allocine.fr,8,977,28,15,0,0,0,3,0,0,0,3,1,0
Sunrise.ch,0,0,0,0,0,0,0,0,0,0,0,0,0,0
Watson.ch,-3,-26,-13,-2,0,0,0,-4,0,0,0,0,1,0
Nuvid.com,-1,-33,-4,-1,0,0,0,0,0,0,-2,0,1,0
Canna.to,0,0,7,4,0,0,0,1,0,0,0,1,0,0
