site,J48,,Naive Bayes,,random Forest,,Comments
Abcnews.go.com,"35,1:?,2:FALSE,,0.941",,"35,1:?,2:FALSE,,1",,"35,1:?,2:FALSE,,0.99",,
Accuweather.com,"14,1:?,2:FALSE,,0.875",,"14,1:?,2:FALSE,,1",,"14,1:?,1:TRUE,,0.54",TP,
Adelaidenow.com.au,"189,1:?,2:FALSE,,0.941",,"189,1:?,2:FALSE,,1",,"189,1:?,2:FALSE,,0.922",,
Adn.com,"184,1:?,2:FALSE,,0.941",,"184,1:?,2:FALSE,,1",,"184,1:?,2:FALSE,,1",,451
Adweek.com,"73,1:?,2:FALSE,,0.941",,"73,1:?,2:FALSE,,1",,"73,1:?,2:FALSE,,0.9",,
Afr.com,"133,1:?,2:FALSE,,0.941",,"133,1:?,2:FALSE,,1",,"133,1:?,2:FALSE,,0.91",,
Ahwatukee.com,"248,1:?,2:FALSE,,0.941",,"248,1:?,2:FALSE,,1",,"248,1:?,2:FALSE,,1",,451
Al.com,"110,1:?,2:FALSE,,0.941",,"110,1:?,2:FALSE,,1",,"110,1:?,2:FALSE,,0.861",,
Alarabiya.net,"56,1:?,2:FALSE,,0.941",,"56,1:?,2:FALSE,,1",,"56,1:?,2:FALSE,,0.927",,
Aljazeera.com,"55,1:?,2:FALSE,,0.875",,"55,1:?,2:FALSE,,1",,"55,1:?,2:FALSE,,0.74",,
Allyoucanread.com,"306,1:?,2:FALSE,,0.941",,"306,1:?,2:FALSE,,1",,"306,1:?,2:FALSE,,1",,
Alternet.org,"125,1:?,2:FALSE,,0.941",,"125,1:?,2:FALSE,,1",,"125,1:?,2:FALSE,,0.83",,
Andhrabhoomi.net,"278,1:?,2:FALSE,,0.941",,"278,1:?,2:FALSE,,1",,"278,1:?,2:FALSE,,0.995",,
Ap.org,"109,1:?,2:FALSE,,0.941",,"109,1:?,2:FALSE,,1",,"109,1:?,2:FALSE,,1",,
Argusleader.com,"324,1:?,2:FALSE,,0.941",,"324,1:?,2:FALSE,,1",,"324,1:?,2:FALSE,,1",,Redirect to EU specific domain
Arktimes.com,"295,1:?,2:FALSE,,0.941",,"295,1:?,2:FALSE,,1",,"295,1:?,2:FALSE,,0.811",,
Aspentimes.com,"315,1:?,2:FALSE,,0.941",,"315,1:?,2:FALSE,,1",,"315,1:?,2:FALSE,,0.82",,
Assamtribune.com,"187,1:?,2:FALSE,,0.941",,"187,1:?,2:FALSE,,1",,"187,1:?,2:FALSE,,0.923",,
Austinchronicle.com,"240,1:?,2:FALSE,,0.941",,"240,1:?,2:FALSE,,1",,"240,1:?,2:FALSE,,0.792",,
Azcentral.com,"93,1:?,2:FALSE,,0.941",,"93,1:?,2:FALSE,,1",,"93,1:?,2:FALSE,,1",,Redirect to EU specific domain
Bakersfield.com,"347,1:?,2:FALSE,,0.941",,"347,1:?,2:FALSE,,1",,"347,1:?,2:FALSE,,1",,451
Baltimoresun.com,"99,1:?,2:FALSE,,0.941",,"99,1:?,2:FALSE,,1",,"99,1:?,2:FALSE,,1",,451
Bankrate.com,"64,1:?,2:FALSE,,0.941",,"64,1:?,2:FALSE,,1",,"64,1:?,2:FALSE,,0.671",,
Bdnews24.com,"98,1:?,2:FALSE,,0.941",,"98,1:?,2:FALSE,,1",,"98,1:?,2:FALSE,,0.92",,
Billoreilly.com,"267,1:?,2:FALSE,,0.941",,"267,1:?,2:FALSE,,1",,"267,1:?,2:FALSE,,1",,451
Bild.de,"177,1:?,1:TRUE,,1",TP,"177,1:?,1:TRUE,,1",TP,"177,1:?,1:TRUE,,0.86",TP,
Bismarcktribune.com,"296,1:?,2:FALSE,,0.941",,"296,1:?,2:FALSE,,1",,"296,1:?,2:FALSE,,1",,451
Blastingnews.com,"107,1:?,2:FALSE,,0.941",,"107,1:?,2:FALSE,,1",,"107,1:?,2:FALSE,,1",,
Bloomberg.com,"17,1:?,2:FALSE,,0.875",,"17,1:?,2:FALSE,,1",,"17,1:?,2:FALSE,,0.68",,
Bostonglobe.com,"72,1:?,2:FALSE,,0.941",,"72,1:?,2:FALSE,,1",,"72,1:?,2:FALSE,,0.82",,
Bostonherald.com,"149,1:?,2:FALSE,,0.941",,"149,1:?,2:FALSE,,1",,"149,1:?,2:FALSE,,0.63",,
Bostonreview.net,"272,1:?,2:FALSE,,0.941",,"272,1:?,2:FALSE,,1",,"272,1:?,2:FALSE,,1",,
Briefing.com,"280,1:?,2:FALSE,,0.941",,"280,1:?,2:FALSE,,1",,"280,1:?,2:FALSE,,1",,
Britishpathe.com,"348,1:?,2:FALSE,,0.941",,"348,1:?,2:FALSE,,1",,"348,1:?,2:FALSE,,0.704",,
Broadcastingcable.com,"331,1:?,2:FALSE,,0.941",,"331,1:?,2:FALSE,,1",,"331,1:?,2:FALSE,,0.92",,
Buffalonews.com,"177,1:?,1:TRUE,,1",TP,"177,1:?,1:TRUE,,1",TP,"177,1:?,1:TRUE,,0.86",TP,
Burlingtonfreepress.com,"302,1:?,2:FALSE,,0.941",,"302,1:?,2:FALSE,,1",,"302,1:?,2:FALSE,,1",,Redirect to EU specific domain
Business-standard.com,"86,1:?,2:FALSE,,0.941",,"86,1:?,2:FALSE,,1",,"86,1:?,2:FALSE,,0.782",,
C-span.org,"161,1:?,2:FALSE,,0.941",,"161,1:?,2:FALSE,,1",,"161,1:?,2:FALSE,,1",,
Canadafreepress.com,"320,1:?,2:FALSE,,0.769",,"320,1:?,2:FALSE,,0.988",,"320,1:?,1:TRUE,,0.7",,
Capitalgazette.com,"163,1:?,2:FALSE,,0.941",,"163,1:?,2:FALSE,,1",,"163,1:?,2:FALSE,,1",,451
Cbsnews.com,"25,1:?,2:FALSE,,0.875",,"25,1:?,2:FALSE,,1",,"25,1:?,2:FALSE,,0.718",,
Chicagomaroon.com,"318,1:?,2:FALSE,,0.941",,"318,1:?,2:FALSE,,1",,"318,1:?,2:FALSE,,1",,
Chicagotribune.com,"48,1:?,2:FALSE,,0.941",,"48,1:?,2:FALSE,,1",,"48,1:?,2:FALSE,,1",,451
Chron.com,"30,1:?,2:FALSE,,0.941",,"30,1:?,2:FALSE,,1",,"30,1:?,2:FALSE,,0.882",,
Chroniclingamerica.loc.gov,"262,1:?,2:FALSE,,0.941",,"262,1:?,2:FALSE,,1",,"262,1:?,2:FALSE,,0.98",,
Cision.com,"158,1:?,2:FALSE,,0.941",,"158,1:?,2:FALSE,,1",,"158,1:?,2:FALSE,,0.975",,
Civilbeat.org,"294,1:?,2:FALSE,,0.941",,"294,1:?,2:FALSE,,1",,"294,1:?,2:FALSE,,1",,
Cjr.org,"226,1:?,2:FALSE,,0.941",,"226,1:?,2:FALSE,,1",,"226,1:?,2:FALSE,,0.861",,
Clarionledger.com,"334,1:?,2:FALSE,,0.941",,"334,1:?,2:FALSE,,1",,"334,1:?,2:FALSE,,1",,Redirect to EU specific domain
Cnbc.com,"18,1:?,1:TRUE,,0.972",TP,"18,1:?,2:FALSE,,1",,"18,1:?,1:TRUE,,0.83",TP,
Cnn.com,"2,1:?,2:FALSE,,0.941",,"2,1:?,2:FALSE,,1",,"2,1:?,2:FALSE,,0.73",,
Collegemagazine.com,"322,1:?,2:FALSE,,0.941",,"322,1:?,2:FALSE,,1",,"322,1:?,2:FALSE,,0.94",,
Commercialappeal.com,"300,1:?,2:FALSE,,0.941",,"300,1:?,2:FALSE,,1",,"300,1:?,2:FALSE,,1",,Redirect to EU specific domain
Commondreams.org,"146,1:?,2:FALSE,,1",,"146,1:?,2:FALSE,,1",,"146,1:?,1:TRUE,,0.52",FP,
Courant.com,"178,1:?,2:FALSE,,0.941",,"178,1:?,2:FALSE,,1",,"178,1:?,2:FALSE,,1",,451
Couriermail.com.au,"191,1:?,2:FALSE,,0.941",,"191,1:?,2:FALSE,,1",,"191,1:?,2:FALSE,,0.922",,
Creators.com,"279,1:?,2:FALSE,,0.941",,"279,1:?,2:FALSE,,1",,"279,1:?,2:FALSE,,1",,
Csmonitor.com,"160,1:?,2:FALSE,,0.941",,"160,1:?,2:FALSE,,1",,"160,1:?,2:FALSE,,0.96",,
Ctpost.com,"254,1:?,2:FALSE,,0.941",,"254,1:?,2:FALSE,,1",,"254,1:?,2:FALSE,,1",,451
Ctvnews.ca,"62,1:?,2:FALSE,,0.941",,"62,1:?,2:FALSE,,1",,"62,1:?,2:FALSE,,0.96",,
Dailybreeze.com,"257,1:?,2:FALSE,,0.875",,"257,1:?,2:FALSE,,1",,"257,1:?,2:FALSE,,0.827",,
Dailybulletin.com,"341,1:?,2:FALSE,,0.875",,"341,1:?,2:FALSE,,1",,"341,1:?,2:FALSE,,0.817",,
Dailycaller.com,"52,1:?,1:TRUE,,1",TP,"52,1:?,1:TRUE,,1",TP,"52,1:?,1:TRUE,,0.91",TP,
Dailyherald.com,"201,1:?,2:FALSE,,0.941",,"201,1:?,2:FALSE,,1",,"201,1:?,2:FALSE,,0.86",,
Dailypress.com,"289,1:?,2:FALSE,,0.941",,"289,1:?,2:FALSE,,1",,"289,1:?,2:FALSE,,1",,451
Dailyprogress.com,"265,1:?,2:FALSE,,0.941",,"265,1:?,2:FALSE,,1",,"265,1:?,2:FALSE,,1",,451
Dailytelegraph.com.au,"152,1:?,2:FALSE,,0.941",,"152,1:?,2:FALSE,,1",,"152,1:?,2:FALSE,,0.922",,
Dallasnews.com,"102,1:?,2:FALSE,,0.941",,"102,1:?,2:FALSE,,1",,"102,1:?,2:FALSE,,0.56",,
Dallasobserver.com,"217,1:?,2:FALSE,,0.941",,"217,1:?,2:FALSE,,1",,"217,1:?,2:FALSE,,0.71",,
Deccanchronicle.com,"91,1:?,2:FALSE,,0.941",,"91,1:?,2:FALSE,,1",,"91,1:?,2:FALSE,,0.971",,
Delawareonline.com,"239,1:?,2:FALSE,,0.941",,"239,1:?,2:FALSE,,1",,"239,1:?,2:FALSE,,1",,Redirect to EU specific domain
Democratandchronicle.com,"253,1:?,2:FALSE,,0.941",,"253,1:?,2:FALSE,,1",,"253,1:?,2:FALSE,,1",,Redirect to EU specific domain
Denverpost.com,"101,1:?,2:FALSE,,0.875",,"101,1:?,2:FALSE,,1",,"101,1:?,2:FALSE,,0.82",,
Deseretnews.com,"129,1:?,2:FALSE,,0.941",,"129,1:?,2:FALSE,,1",,"129,1:?,2:FALSE,,0.95",,
Desertsun.com,"303,1:?,2:FALSE,,0.941",,"303,1:?,2:FALSE,,1",,"303,1:?,2:FALSE,,1",,Redirect to EU specific domain
Desmoinesregister.com,"233,1:?,2:FALSE,,0.941",,"233,1:?,2:FALSE,,1",,"233,1:?,2:FALSE,,1",,
Detroitnews.com,"165,1:?,2:FALSE,,0.941",,"165,1:?,2:FALSE,,1",,"165,1:?,2:FALSE,,1",,Redirect to EU specific domain
Dnaindia.com,"82,1:?,2:FALSE,,0.941",,"82,1:?,2:FALSE,,1",,"82,1:?,2:FALSE,,0.96",,
Dowjones.com,"128,1:?,2:FALSE,,0.941",,"128,1:?,2:FALSE,,1",,"128,1:?,2:FALSE,,0.704",,
Drudgereport.com,"23,1:?,2:FALSE,,0.941",,"23,1:?,2:FALSE,,1",,"23,1:?,2:FALSE,,0.86",,
Dw.com,"36,1:?,2:FALSE,,0.941",,"36,1:?,2:FALSE,,1",,"36,1:?,2:FALSE,,0.861",,
Eastbaytimes.com,"205,1:?,1:TRUE,,0.667",FP,"205,1:?,2:FALSE,,1",,"205,1:?,2:FALSE,,0.72",,
Economictimes.indiatimes.com,"27,1:?,2:FALSE,,0.941",,"27,1:?,2:FALSE,,1",,"27,1:?,2:FALSE,,0.711",,
Economist.com,"54,1:?,2:FALSE,,0.941",,"54,1:?,2:FALSE,,1",,"54,1:?,2:FALSE,,0.96",,
Einnews.com,"345,1:?,2:FALSE,,0.941",,"345,1:?,2:FALSE,,1",,"345,1:?,2:FALSE,,0.772",,
Elkharttruth.com,"336,1:?,2:FALSE,,0.941",,"336,1:?,2:FALSE,,1",,"336,1:?,2:FALSE,,1",,
English.kyodonews.jp,"355,1:?,2:FALSE,,0.941",,"355,1:?,2:FALSE,,1",,"355,1:?,2:FALSE,,0.98",,
Epa.eu,"314,1:?,2:FALSE,,0.941",,"314,1:?,2:FALSE,,1",,"314,1:?,2:FALSE,,1",,
Euronews.com,"49,1:?,2:FALSE,,0.941",,"49,1:?,2:FALSE,,1",,"49,1:?,2:FALSE,,0.9",,
Factcheck.org,"170,1:?,2:FALSE,,0.941",,"170,1:?,2:FALSE,,1",,"170,1:?,2:FALSE,,1",,
Fark.com,"83,1:?,2:FALSE,,0.941",,"83,1:?,2:FALSE,,1",,"83,1:?,2:FALSE,,0.96",,
Fcc.gov,"142,1:?,2:FALSE,,0.941",,"142,1:?,2:FALSE,,1",,"142,1:?,2:FALSE,,1",,
Feed43.com,"350,1:?,2:FALSE,,0.941",,"350,1:?,2:FALSE,,1",,"350,1:?,2:FALSE,,1",,
Financialexpress.com,"67,1:?,2:FALSE,,0.941",,"67,1:?,2:FALSE,,1",,"67,1:?,2:FALSE,,0.99",,
Floridatoday.com,"268,1:?,2:FALSE,,0.941",,"268,1:?,2:FALSE,,1",,"268,1:?,2:FALSE,,1",,Redirect to EU specific domain
Forbes.com,"9,1:?,2:FALSE,,0.941",,"9,1:?,2:FALSE,,1",,"9,1:?,2:FALSE,,1",,
Foreca.com,"136,1:?,2:FALSE,,0.941",,"136,1:?,2:FALSE,,1",,"136,1:?,2:FALSE,,0.87",,
Fortune.com,"57,1:?,2:FALSE,,0.875",,"57,1:?,2:FALSE,,1",,"57,1:?,2:FALSE,,0.85",,
Foxbusiness.com,"95,1:?,2:FALSE,,0.941",,"95,1:?,2:FALSE,,1",,"95,1:?,2:FALSE,,1",,
Foxnews.com,"7,1:?,2:FALSE,,0.941",,"7,1:?,2:FALSE,,1",,"7,1:?,2:FALSE,,1",,
France24.com,"81,1:?,2:FALSE,,0.941",,"81,1:?,2:FALSE,,1",,"81,1:?,2:FALSE,,0.93",,
Fredericknewspost.com,"276,1:?,2:FALSE,,0.941",,"276,1:?,2:FALSE,,1",,"276,1:?,2:FALSE,,1",,451
Fredericksburg.com,"284,1:?,2:FALSE,,0.941",,"284,1:?,2:FALSE,,1",,"284,1:?,2:FALSE,,1",,451
Freep.com,"117,1:?,2:FALSE,,0.941",,"117,1:?,2:FALSE,,1",,"117,1:?,2:FALSE,,1",,Redirect to EU specific domain
Gannett.com,"308,1:?,2:FALSE,,0.941",,"308,1:?,2:FALSE,,1",,"308,1:?,2:FALSE,,1",,451
Gazette.com,"232,1:?,2:FALSE,,0.941",,"232,1:?,2:FALSE,,1",,"232,1:?,2:FALSE,,1",,
Gazettetimes.com,"329,1:?,2:FALSE,,0.941",,"329,1:?,2:FALSE,,1",,"329,1:?,2:FALSE,,1",,451
Globalissues.org,"333,1:?,2:FALSE,,0.941",,"333,1:?,2:FALSE,,1",,"333,1:?,2:FALSE,,0.811",,
Globaltimes.cn,"180,1:?,2:FALSE,,0.941",,"180,1:?,2:FALSE,,1",,"180,1:?,2:FALSE,,1",,
Globalvoices.org,"249,1:?,2:FALSE,,0.941",,"249,1:?,2:FALSE,,1",,"249,1:?,2:FALSE,,1",,
Good.is,"260,1:?,2:FALSE,,0.941",,"260,1:?,2:FALSE,,1",,"260,1:?,2:FALSE,,0.811",,
Goodnewsnetwork.org,"199,1:?,2:FALSE,,0.941",,"199,1:?,2:FALSE,,1",,"199,1:?,2:FALSE,,0.88",,
Gracenote.com,"353,1:?,2:FALSE,,0.941",,"353,1:?,2:FALSE,,1",,"353,1:?,2:FALSE,,1",,
Greensboro.com,"261,1:?,2:FALSE,,0.941",,"261,1:?,2:FALSE,,1",,"261,1:?,2:FALSE,,1",,451
Greenwichtime.com,"321,1:?,2:FALSE,,0.941",,"321,1:?,2:FALSE,,1",,"321,1:?,2:FALSE,,1",,451
Gwinnettdailypost.com,"328,1:?,2:FALSE,,0.941",,"328,1:?,2:FALSE,,1",,"328,1:?,2:FALSE,,1",,451
Harpers.org,"223,1:?,2:FALSE,,0.941",,"223,1:?,2:FALSE,,1",,"223,1:?,2:FALSE,,1",,
Hcn.org,"327,1:?,2:FALSE,,0.941",,"327,1:?,2:FALSE,,1",,"327,1:?,2:FALSE,,1",,
Helenair.com,"323,1:?,2:FALSE,,0.941",,"323,1:?,2:FALSE,,1",,"323,1:?,2:FALSE,,1",,451
Herald-dispatch.com,"352,1:?,2:FALSE,,0.941",,"352,1:?,2:FALSE,,1",,"352,1:?,2:FALSE,,1",,451
Heraldcourier.com,"297,1:?,2:FALSE,,0.941",,"297,1:?,2:FALSE,,1",,"297,1:?,2:FALSE,,1",,451
Heraldextra.com,"238,1:?,2:FALSE,,0.941",,"238,1:?,2:FALSE,,1",,"238,1:?,2:FALSE,,1",,451
Heraldmailmedia.com,"307,1:?,2:FALSE,,0.941",,"307,1:?,2:FALSE,,1",,"307,1:?,2:FALSE,,1",,451
Heraldsun.com.au,"120,1:?,2:FALSE,,0.941",,"120,1:?,2:FALSE,,1",,"120,1:?,2:FALSE,,0.922",,
Hindustantimes.com,"47,1:?,2:FALSE,,0.941",,"47,1:?,2:FALSE,,1",,"47,1:?,2:FALSE,,0.861",,
Hollywoodreporter.com,"43,1:?,2:FALSE,,0.941",,"43,1:?,2:FALSE,,1",,"43,1:?,2:FALSE,,0.66",,
Houstonpress.com,"221,1:?,2:FALSE,,0.941",,"221,1:?,2:FALSE,,1",,"221,1:?,2:FALSE,,0.71",,
Huffingtonpost.com,"13,1:?,2:FALSE,,0.941",,"13,1:?,2:FALSE,,1",,"13,1:?,2:FALSE,,0.97",,
Ibj.com,"282,1:?,2:FALSE,,0.941",,"282,1:?,2:FALSE,,1",,"282,1:?,2:FALSE,,0.76",,
Independent.com,"312,1:?,2:FALSE,,0.941",,"312,1:?,2:FALSE,,1",,"312,1:?,2:FALSE,,0.95",,
Indiatimes.com,"6,1:?,2:FALSE,,0.941",,"6,1:?,2:FALSE,,1",,"6,1:?,2:FALSE,,1",,
Indystar.com,"206,1:?,2:FALSE,,0.941",,"206,1:?,2:FALSE,,1",,"206,1:?,2:FALSE,,1",,Redirect to EU specific domain
Inquisitr.com,"113,1:?,2:FALSE,,0.941",,"113,1:?,2:FALSE,,1",,"113,1:?,2:FALSE,,0.905",,
Intellicast.com,"59,1:?,2:FALSE,,0.941",,"59,1:?,2:FALSE,,1",,"59,1:?,2:FALSE,,1",,
Irna.ir,"65,1:?,2:FALSE,,0.941",,"65,1:?,2:FALSE,,1",,"65,1:?,2:FALSE,,0.93",,
Jou.ufl.edu,"344,1:?,2:FALSE,,0.941",,"344,1:?,2:FALSE,,1",,"344,1:?,2:FALSE,,1",,
Journalism.org,"290,1:?,2:FALSE,,0.941",,"290,1:?,2:FALSE,,1",,"290,1:?,2:FALSE,,0.86",,
Journalismjobs.com,"285,1:?,2:FALSE,,0.941",,"285,1:?,2:FALSE,,1",,"285,1:?,2:FALSE,,0.811",,
Journalnow.com,"252,1:?,2:FALSE,,0.941",,"252,1:?,2:FALSE,,1",,"252,1:?,2:FALSE,,1",,451
Journalstar.com,"215,1:?,2:FALSE,,0.941",,"215,1:?,2:FALSE,,1",,"215,1:?,2:FALSE,,1",,451
Journaltimes.com,"288,1:?,2:FALSE,,0.941",,"288,1:?,2:FALSE,,1",,"288,1:?,2:FALSE,,1",,451
Jsonline.com,"169,1:?,2:FALSE,,0.941",,"169,1:?,2:FALSE,,1",,"169,1:?,2:FALSE,,1",,Redirect to EU specific domain
Kansascity.com,"118,1:?,2:FALSE,,0.941",,"118,1:?,2:FALSE,,1",,"118,1:?,2:FALSE,,0.88",,
Kitsapsun.com,"349,1:?,2:FALSE,,0.941",,"349,1:?,2:FALSE,,1",,"349,1:?,2:FALSE,,1",,Redirect to EU specific domain
Knoxnews.com,"291,1:?,2:FALSE,,0.941",,"291,1:?,2:FALSE,,1",,"291,1:?,2:FALSE,,1",,Redirect to EU specific domain
Lacrossetribune.com,"269,1:?,2:FALSE,,0.941",,"269,1:?,2:FALSE,,1",,"269,1:?,2:FALSE,,1",,451
Lancasteronline.com,"216,1:?,2:FALSE,,0.941",,"216,1:?,2:FALSE,,1",,"216,1:?,2:FALSE,,1",,451
Lasvegassun.com,"228,1:?,2:FALSE,,0.941",,"228,1:?,2:FALSE,,1",,"228,1:?,2:FALSE,,0.863",,
Lasvegasweekly.com,"293,1:?,2:FALSE,,0.941",,"293,1:?,2:FALSE,,1",,"293,1:?,2:FALSE,,0.99",,
Latimes.com,"34,1:?,2:FALSE,,0.941",,"34,1:?,2:FALSE,,1",,"34,1:?,2:FALSE,,1",,451
Law.com,"190,1:?,2:FALSE,,0.941",,"190,1:?,2:FALSE,,1",,"190,1:?,2:FALSE,,0.92",,
Leadertelegram.com,"339,1:?,2:FALSE,,0.941",,"339,1:?,2:FALSE,,1",,"339,1:?,2:FALSE,,0.775",,
Lehighvalleylive.com,"227,1:?,2:FALSE,,0.941",,"227,1:?,2:FALSE,,1",,"227,1:?,2:FALSE,,0.86",,
Lexisnexis.com,"108,1:?,2:FALSE,,0.941",,"108,1:?,2:FALSE,,1",,"108,1:?,2:FALSE,,1",,
Livemint.com,"92,1:?,2:FALSE,,0.941",,"92,1:?,2:FALSE,,1",,"92,1:?,2:FALSE,,0.955",,
Lmtonline.com,"220,1:?,2:FALSE,,0.941",,"220,1:?,2:FALSE,,1",,"220,1:?,2:FALSE,,1",,451
Lohud.com,"258,1:?,2:FALSE,,0.941",,"258,1:?,2:FALSE,,1",,"258,1:?,2:FALSE,,1",,Redirect to EU specific domain
Losangeles.cbslocal.com,"167,1:?,2:FALSE,,0.941",,"167,1:?,2:FALSE,,1",,"167,1:?,2:FALSE,,0.98",,
Macleans.ca,"147,1:?,2:FALSE,,0.941",,"147,1:?,2:FALSE,,1",,"147,1:?,2:FALSE,,1",,
Magnumphotos.com,"218,1:?,2:FALSE,,0.941",,"218,1:?,2:FALSE,,1",,"218,1:?,2:FALSE,,1",,
Mathrubhumi.com,"51,1:?,2:FALSE,,0.875",,"51,1:?,2:FALSE,,1",,"51,1:?,2:FALSE,,0.69",,
Mcall.com,"211,1:?,2:FALSE,,0.941",,"211,1:?,2:FALSE,,1",,"211,1:?,2:FALSE,,1",,451
Mcclatchydc.com,"195,1:?,2:FALSE,,0.941",,"195,1:?,2:FALSE,,1",,"195,1:?,2:FALSE,,0.97",,
Mediabistro.com,"236,1:?,2:FALSE,,0.941",,"236,1:?,2:FALSE,,1",,"236,1:?,2:FALSE,,0.985",,
Mediamatters.org,"202,1:?,2:FALSE,,0.941",,"202,1:?,2:FALSE,,1",,"202,1:?,2:FALSE,,1",,
Mediapost.com,"222,1:?,2:FALSE,,0.875",,"222,1:?,2:FALSE,,1",,"222,1:?,2:FALSE,,0.85",,
Metafilter.com,"88,1:?,2:FALSE,,0.941",,"88,1:?,2:FALSE,,1",,"88,1:?,2:FALSE,,1",,
Metoffice.gov.uk,"76,1:?,2:FALSE,,0.941",,"76,1:?,2:FALSE,,1",,"76,1:?,2:FALSE,,0.97",,
Metrotimes.com,"255,1:?,2:FALSE,,0.941",,"255,1:?,2:FALSE,,1",,"255,1:?,2:FALSE,,0.93",,
Miamiherald.com,"74,1:?,2:FALSE,,0.941",,"74,1:?,2:FALSE,,1",,"74,1:?,2:FALSE,,0.995",,
Mid-day.com,"151,1:?,2:FALSE,,0.941",,"151,1:?,2:FALSE,,1",,"151,1:?,2:FALSE,,1",,451
Militarytimes.com,"197,1:?,2:FALSE,,0.941",,"197,1:?,2:FALSE,,1",,"197,1:?,2:FALSE,,0.837",,
Money.cnn.com,"22,1:?,2:FALSE,,0.941",,"22,1:?,2:FALSE,,1",,"22,1:?,2:FALSE,,0.895",,
Montrealgazette.com,"155,1:?,2:FALSE,,0.941",,"155,1:?,2:FALSE,,1",,"155,1:?,2:FALSE,,0.66",,
Multichannel.com,"305,1:?,2:FALSE,,0.941",,"305,1:?,2:FALSE,,1",,"305,1:?,2:FALSE,,0.73",,
Mumbaimirror.indiatimes.com,"212,1:?,2:FALSE,,0.941",,"212,1:?,2:FALSE,,1",,"212,1:?,2:FALSE,,0.92",,
My.yahoo.com,"50,1:?,2:FALSE,,0.941",,"50,1:?,2:FALSE,,1",,"50,1:?,2:FALSE,,0.98",,
Mysanantonio.com,"143,1:?,2:FALSE,,0.941",,"143,1:?,2:FALSE,,1",,"143,1:?,2:FALSE,,0.882",,
Napavalleyregister.com,"281,1:?,2:FALSE,,0.941",,"281,1:?,2:FALSE,,1",,"281,1:?,2:FALSE,,1",,451
Nationalgeographic.com,"46,1:?,2:FALSE,,0.941",,"46,1:?,2:FALSE,,1",,"46,1:?,2:FALSE,,1",,
Nationalpost.com,"105,1:?,1:TRUE,,0.972",TP,"105,1:?,2:FALSE,,1",,"105,1:?,1:TRUE,,0.52",TP,
Nbcnews.com,"31,1:?,2:FALSE,,0.941",,"31,1:?,2:FALSE,,1",,"31,1:?,2:FALSE,,0.99",,
Newindianexpress.com,"122,1:?,2:FALSE,,0.941",,"122,1:?,2:FALSE,,1",,"122,1:?,2:FALSE,,0.77",,
Newrepublic.com,"137,1:?,2:FALSE,,0.941",,"137,1:?,2:FALSE,,1",,"137,1:?,2:FALSE,,0.861",,
News-gazette.com,"242,1:?,2:FALSE,,0.941",,"242,1:?,2:FALSE,,1",,"242,1:?,2:FALSE,,0.795",,
News-leader.com,"337,1:?,2:FALSE,,0.941",,"337,1:?,2:FALSE,,1",,"337,1:?,2:FALSE,,1",,Redirect to EU specific domain
News.berkeley.edu,"256,1:?,2:FALSE,,0.941",,"256,1:?,2:FALSE,,1",,"256,1:?,2:FALSE,,1",,
News.com.au,"32,1:?,2:FALSE,,0.941",,"32,1:?,2:FALSE,,1",,"32,1:?,2:FALSE,,0.8",,
News.google.com,"3,1:?,2:FALSE,,0.941",,"3,1:?,2:FALSE,,1",,"3,1:?,2:FALSE,,0.95",,
News.yahoo.com,"8,1:?,2:FALSE,,0.941",,"8,1:?,2:FALSE,,1",,"8,1:?,2:FALSE,,0.98",,
Newsday.com,"116,1:?,2:FALSE,,0.941",,"116,1:?,2:FALSE,,1",,"116,1:?,2:FALSE,,1",,451
Newsmax.com,"97,1:?,2:FALSE,,0.769",TP,"97,1:?,2:TRUE,,1",TP,"97,1:?,2:FALSE,,0.59",TP,
Newsminer.com,"319,1:?,2:FALSE,,0.941",,"319,1:?,2:FALSE,,1",,"319,1:?,2:FALSE,,1",,451
Newsnow.co.uk,"45,1:?,2:FALSE,,0.941",,"45,1:?,2:FALSE,,1",,"45,1:?,2:FALSE,,0.811",,
Newsobserver.com,"148,1:?,2:FALSE,,0.941",,"148,1:?,2:FALSE,,1",,"148,1:?,2:FALSE,,0.98",,
Newsok.com,"173,1:?,1:TRUE,,0.667",FP,"173,1:?,2:FALSE,,1",,"173,1:?,2:FALSE,,0.8",,
Newspapers.com,"104,1:?,2:FALSE,,0.941",,"104,1:?,2:FALSE,,1",,"104,1:?,2:FALSE,,0.902",,
Newsroom.ucla.edu,"287,1:?,2:FALSE,,0.941",,"287,1:?,2:FALSE,,1",,"287,1:?,2:FALSE,,1",,
Newsthump.com,"309,1:?,2:FALSE,,0.941",,"309,1:?,2:FALSE,,0.994",,"309,1:?,2:FALSE,,0.84",,
Newstimes.com,"266,1:?,2:FALSE,,0.941",,"266,1:?,2:FALSE,,1",,"266,1:?,2:FALSE,,1",,451
Newsweek.com,"44,1:?,2:FALSE,,0.941",,"44,1:?,2:FALSE,,1",,"44,1:?,2:FALSE,,0.81",,
Newswire.com,"259,1:?,2:FALSE,,0.941",,"259,1:?,2:FALSE,,1",,"259,1:?,2:FALSE,,0.975",,
Nhregister.com,"270,1:?,2:FALSE,,0.941",,"270,1:?,2:FALSE,,1",,"270,1:?,2:FALSE,,1",,451
Nj.com,"68,1:?,2:FALSE,,0.941",,"68,1:?,2:FALSE,,1",,"68,1:?,2:FALSE,,0.67",,
Nola.com,"115,1:?,2:FALSE,,0.941",,"115,1:?,2:FALSE,,1",,"115,1:?,2:FALSE,,0.9",,
Northjersey.com,"234,1:?,2:FALSE,,0.941",,"234,1:?,2:FALSE,,1",,"234,1:?,2:FALSE,,1",,Redirect to EU specific domain
Nwitimes.com,"231,1:?,2:FALSE,,0.941",,"231,1:?,2:FALSE,,1",,"231,1:?,2:FALSE,,1",,451
Nypost.com,"24,1:?,2:FALSE,,0.941",,"24,1:?,2:FALSE,,1",,"24,1:?,2:FALSE,,0.94",,
Nytimes.com,"4,1:?,2:FALSE,,0.941",,"4,1:?,2:FALSE,,1",,"4,1:?,2:FALSE,,0.97",,
Observer.com,"126,1:?,2:FALSE,,0.941",,"126,1:?,2:FALSE,,1",,"126,1:?,2:FALSE,,1",,
Ocregister.com,"127,1:?,2:FALSE,,0.875",,"127,1:?,2:FALSE,,1",,"127,1:?,2:FALSE,,0.817",,
Omaha.com,"159,1:?,2:FALSE,,0.941",,"159,1:?,2:FALSE,,1",,"159,1:?,2:FALSE,,1",,451
Onthesnow.com,"342,1:?,2:FALSE,,0.941",,"342,1:?,2:FALSE,,1",,"342,1:?,2:FALSE,,0.823",,
Opendemocracy.net,"246,1:?,2:FALSE,,0.941",,"246,1:?,2:FALSE,,1",,"246,1:?,2:FALSE,,1",,
Oregonlive.com,"78,1:?,1:TRUE,,1",TP,"78,1:?,2:FALSE,,1",,"78,1:?,1:TRUE,,0.66",TP,
Orlandosentinel.com,"111,1:?,2:FALSE,,0.941",,"111,1:?,2:FALSE,,1",,"111,1:?,2:FALSE,,1",,451
Orlandoweekly.com,"214,1:?,2:FALSE,,0.941",,"214,1:?,2:FALSE,,1",,"214,1:?,2:FALSE,,0.99",,
Owl.english.purdue.edu,"69,1:?,2:FALSE,,0.941",,"69,1:?,2:FALSE,,1",,"69,1:?,2:FALSE,,0.98",,
Pantagraph.com,"264,1:?,2:FALSE,,0.941",,"264,1:?,2:FALSE,,1",,"264,1:?,2:FALSE,,1",,451
Pe.com,"251,1:?,2:FALSE,,0.875",,"251,1:?,2:FALSE,,1",,"251,1:?,2:FALSE,,0.817",,
People-press.org,"275,1:?,2:FALSE,,0.941",,"275,1:?,2:FALSE,,1",,"275,1:?,2:FALSE,,0.975",,
Philly.com,"96,1:?,2:FALSE,,0.875",,"96,1:?,2:FALSE,,1",,"96,1:?,2:FALSE,,0.79",,
Phoenixnewtimes.com,"209,1:?,2:FALSE,,0.941",,"209,1:?,2:FALSE,,1",,"209,1:?,2:FALSE,,0.65",,
Pickyournewspaper.com,"286,1:?,2:FALSE,,0.941",,"286,1:?,2:FALSE,,1",,"286,1:?,2:FALSE,,1",,
Pilotonline.com,"193,1:?,2:FALSE,,0.941",,"193,1:?,2:FALSE,,1",,"193,1:?,2:FALSE,,1",,451
Postandcourier.com,"210,1:?,2:FALSE,,0.941",,"210,1:?,2:FALSE,,1",,"210,1:?,2:FALSE,,1",,451
Postbulletin.com,"292,1:?,2:FALSE,,0.941",,"292,1:?,2:FALSE,,1",,"292,1:?,2:FALSE,,1",,451
Poynter.org,"243,1:?,2:FALSE,,0.941",,"243,1:?,2:FALSE,,1",,"243,1:?,2:FALSE,,0.861",,
Pressdemocrat.com,"200,1:?,2:FALSE,,0.941",,"200,1:?,2:FALSE,,1",,"200,1:?,2:FALSE,,0.91",,
Pressofatlanticcity.com,"250,1:?,2:FALSE,,0.941",,"250,1:?,2:FALSE,,1",,"250,1:?,2:FALSE,,1",,451
Presstelegram.com,"346,1:?,2:FALSE,,0.875",,"346,1:?,2:FALSE,,1",,"346,1:?,2:FALSE,,0.827",,
Prnewswire.com,"71,1:?,2:FALSE,,0.941",,"71,1:?,2:FALSE,,1",,"71,1:?,2:FALSE,,1",,
Project-syndicate.org,"230,1:?,2:FALSE,,0.941",,"230,1:?,2:FALSE,,1",,"230,1:?,2:FALSE,,1",,
Prweb.com,"171,1:?,2:FALSE,,0.941",,"171,1:?,2:FALSE,,1",,"171,1:?,2:FALSE,,0.93",,
Punemirror.indiatimes.com,"317,1:?,2:FALSE,,0.941",,"317,1:?,2:FALSE,,1",,"317,1:?,2:FALSE,,0.98",,
Qctimes.com,"273,1:?,2:FALSE,,0.941",,"273,1:?,2:FALSE,,1",,"273,1:?,2:FALSE,,1",,451
Radar.weather.gov,"90,1:?,2:FALSE,,0.941",,"90,1:?,2:FALSE,,1",,"90,1:?,2:FALSE,,0.94",,
Rapidcityjournal.com,"310,1:?,2:FALSE,,0.941",,"310,1:?,2:FALSE,,1",,"310,1:?,2:FALSE,,1",,451
Rappler.com,"124,1:?,2:FALSE,,0.941",,"124,1:?,2:FALSE,,1",,"124,1:?,2:FALSE,,0.929",,
Rd.com,"75,1:?,2:FALSE,,0.846",,"75,1:?,2:FALSE,,1",,"75,1:?,2:FALSE,,0.74",,
Reddit.com,"1,1:?,2:FALSE,,0.875",,"1,1:?,2:FALSE,,1",,"1,1:?,2:FALSE,,0.67",,
Reuters.com,"19,1:?,2:FALSE,,0.941",,"19,1:?,2:FALSE,,1",,"19,1:?,2:FALSE,,0.78",,
Reviewjournal.com,"140,1:?,2:FALSE,,0.941",,"140,1:?,2:FALSE,,1",,"140,1:?,2:FALSE,,1",,
Rferl.org,"181,1:?,2:FALSE,,0.941",,"181,1:?,2:FALSE,,1",,"181,1:?,2:FALSE,,1",,
Rgj.com,"330,1:?,2:FALSE,,0.941",,"330,1:?,2:FALSE,,1",,"330,1:?,2:FALSE,,1",,Redirect to EU specific domain
Richmond.com,"175,1:?,2:FALSE,,0.941",,"175,1:?,2:FALSE,,1",,"175,1:?,2:FALSE,,1",,451
Roanoke.com,"225,1:?,2:FALSE,,0.941",,"225,1:?,2:FALSE,,1",,"225,1:?,2:FALSE,,1",,451
Sacbee.com,"100,1:?,2:FALSE,,0.941",,"100,1:?,2:FALSE,,1",,"100,1:?,2:FALSE,,0.94",,
Sacurrent.com,"311,1:?,2:FALSE,,0.941",,"311,1:?,2:FALSE,,1",,"311,1:?,2:FALSE,,0.99",,
Sandiegoreader.com,"237,1:?,2:FALSE,,0.941",,"237,1:?,2:FALSE,,1",,"237,1:?,2:FALSE,,0.896",,
Sandiegouniontribune.com,"123,1:?,2:FALSE,,0.941",,"123,1:?,2:FALSE,,1",,"123,1:?,2:FALSE,,1",,451
Santacruzsentinel.com,"335,1:?,2:FALSE,,0.941",,"335,1:?,2:FALSE,,1",,"335,1:?,2:FALSE,,0.92",,
Seattlepi.com,"138,1:?,2:FALSE,,0.941",,"138,1:?,2:FALSE,,1",,"138,1:?,2:FALSE,,1",,451
Seattletimes.com,"79,1:?,2:FALSE,,0.941",,"79,1:?,2:FALSE,,1",,"79,1:?,2:FALSE,,0.83",,
Sfchronicle.com,"103,1:?,2:FALSE,,0.941",,"103,1:?,2:FALSE,,1",,"103,1:?,2:FALSE,,0.882",,
Sfgate.com,"39,1:?,2:FALSE,,0.941",,"39,1:?,2:FALSE,,1",,"39,1:?,2:FALSE,,0.827",,
Sgvtribune.com,"316,1:?,2:FALSE,,0.875",,"316,1:?,2:FALSE,,1",,"316,1:?,2:FALSE,,0.827",,
Shutterstock.com,"12,1:?,2:FALSE,,0.941",,"12,1:?,2:FALSE,,1",,"12,1:?,2:FALSE,,0.98",,
Siasat.com,"182,1:?,2:FALSE,,0.941",,"182,1:?,2:FALSE,,1",,"182,1:?,2:FALSE,,1",,
Siouxcityjournal.com,"299,1:?,2:FALSE,,0.941",,"299,1:?,2:FALSE,,1",,"299,1:?,2:FALSE,,1",,451
Sltrib.com,"145,1:?,2:FALSE,,0.941",,"145,1:?,2:FALSE,,1",,"145,1:?,2:FALSE,,1",,451
Smartbrief.com,"172,1:?,2:FALSE,,0.941",,"172,1:?,2:FALSE,,1",,"172,1:?,2:FALSE,,0.983",,
Smh.com.au,"53,1:?,2:FALSE,,0.941",,"53,1:?,2:FALSE,,1",,"53,1:?,2:FALSE,,0.88",,
Southbendtribune.com,"277,1:?,2:FALSE,,0.941",,"277,1:?,2:FALSE,,1",,"277,1:?,2:FALSE,,1",,451
Splc.org,"283,1:?,2:FALSE,,0.941",,"283,1:?,2:FALSE,,1",,"283,1:?,2:FALSE,,1",,
Spokesman.com,"213,1:?,2:FALSE,,0.941",,"213,1:?,2:FALSE,,1",,"213,1:?,2:FALSE,,0.63",,
Stamfordadvocate.com,"235,1:?,2:FALSE,,0.941",,"235,1:?,2:FALSE,,1",,"235,1:?,2:FALSE,,1",,451
Stanforddaily.com,"325,1:?,1:TRUE,,0.972",TP,"325,1:?,2:FALSE,,1",,"325,1:?,1:TRUE,,0.97",TP,
Star-telegram.com,"179,1:?,2:FALSE,,0.941",,"179,1:?,2:FALSE,,1",,"179,1:?,2:FALSE,,0.92",,
Staradvertiser.com,"174,1:?,2:FALSE,,0.941",,"174,1:?,2:FALSE,,1",,"174,1:?,2:FALSE,,0.81",,
Startribune.com,"89,1:?,1:TRUE,,1",FP,"89,1:?,2:FALSE,,1",,"89,1:?,1:TRUE,,0.65",FP,
Statesman.com,"185,1:?,2:FALSE,,0.941",,"185,1:?,2:FALSE,,1",,"185,1:?,2:FALSE,,0.69",,
Statesmanjournal.com,"343,1:?,2:FALSE,,0.941",,"343,1:?,2:FALSE,,1",,"343,1:?,2:FALSE,,1",,Redirect to EU specific domain
Stltoday.com,"112,1:?,2:FALSE,,0.941",,"112,1:?,2:FALSE,,1",,"112,1:?,2:FALSE,,1",,451
Straight.com,"229,1:?,2:FALSE,,0.875",,"229,1:?,2:FALSE,,1",,"229,1:?,2:FALSE,,0.747",,
Stripes.com,"186,1:?,2:FALSE,,0.941",,"186,1:?,2:FALSE,,1",,"186,1:?,2:FALSE,,0.84",,
Sun-sentinel.com,"131,1:?,2:FALSE,,0.941",,"131,1:?,2:FALSE,,1",,"131,1:?,2:FALSE,,1",,451
Suntimes.com,"139,1:?,1:TRUE,,1",FP,"139,1:?,2:FALSE,,1",,"139,1:?,2:FALSE,,0.55",,
Syracuse.com,"144,1:?,1:TRUE,,0.972",FP,"144,1:?,2:FALSE,,1",,"144,1:?,1:TRUE,,0.69",FP,
t3n.de,"80,1:?,1:TRUE,,1",TP,"80,1:?,1:TRUE,,1",TP,"80,1:?,1:TRUE,,0.86",TP,
Tallahassee.com,"298,1:?,2:FALSE,,0.941",,"298,1:?,2:FALSE,,1",,"298,1:?,2:FALSE,,1",,Redirect to EU specific domain
Telegraphindia.com,"154,1:?,2:FALSE,,0.941",,"154,1:?,2:FALSE,,1",,"154,1:?,2:FALSE,,0.89",,
Tennessean.com,"198,1:?,2:FALSE,,0.941",,"198,1:?,2:FALSE,,1",,"198,1:?,2:FALSE,,1",,Redirect to EU specific domain
Theadvocate.com,"166,1:?,2:FALSE,,0.941",,"166,1:?,2:FALSE,,1",,"166,1:?,2:FALSE,,1",,451
Theage.com.au,"84,1:?,2:FALSE,,0.941",,"84,1:?,2:FALSE,,1",,"84,1:?,2:FALSE,,0.78",,
Theatlantic.com,"33,1:?,2:FALSE,,0.941",,"33,1:?,2:FALSE,,1",,"33,1:?,2:FALSE,,1",,
Theaustralian.com.au,"134,1:?,2:FALSE,,0.941",,"134,1:?,2:FALSE,,1",,"134,1:?,2:FALSE,,1",,
Thebetterindia.com,"150,1:?,2:FALSE,,0.941",,"150,1:?,2:FALSE,,1",,"150,1:?,2:FALSE,,1",,
Theconversation.com,"66,1:?,2:FALSE,,0.941",,"66,1:?,2:FALSE,,1",,"66,1:?,2:FALSE,,1",,
Thedailybeast.com,"41,1:?,2:FALSE,,0.941",,"41,1:?,2:FALSE,,1",,"41,1:?,2:FALSE,,1",,
Thedailymash.co.uk,"203,1:?,2:FALSE,,0.941",,"203,1:?,2:FALSE,,1",,"203,1:?,2:FALSE,,0.96",,
Thedrum.com,"164,1:?,2:FALSE,,0.941",,"164,1:?,2:FALSE,,1",,"164,1:?,2:FALSE,,0.908",,
Theepochtimes.com,"121,1:?,2:FALSE,,0.941",,"121,1:?,2:FALSE,,1",,"121,1:?,2:FALSE,,0.821",,
Theglobeandmail.com,"60,1:?,2:FALSE,,0.941",,"60,1:?,2:FALSE,,1",,"60,1:?,1:TRUE,,0.53",FP,
Theguardian.com,"5,1:?,2:FALSE,,0.941",,"5,1:?,2:FALSE,,1",,"5,1:?,2:FALSE,,0.973",,
Thehill.com,"26,1:?,2:FALSE,,0.941",,"26,1:?,2:FALSE,,1",,"26,1:?,2:FALSE,,1",,
Thehindu.com,"37,1:?,2:FALSE,,0.941",,"37,1:?,2:FALSE,,1",,"37,1:?,2:FALSE,,0.89",,
Thehindubusinessline.com,"130,1:?,2:FALSE,,0.941",,"130,1:?,2:FALSE,,1",,"130,1:?,2:FALSE,,0.59",,
Thehour.com,"326,1:?,2:FALSE,,0.941",,"326,1:?,2:FALSE,,1",,"326,1:?,2:FALSE,,1",,451
Theonion.com,"70,1:?,2:FALSE,,0.941",,"70,1:?,2:FALSE,,1",,"70,1:?,2:FALSE,,0.922",,
Therealnews.com,"301,1:?,2:FALSE,,0.941",,"301,1:?,2:FALSE,,1",,"301,1:?,2:FALSE,,1",,
Therisingwasabi.com,"274,1:?,2:FALSE,,0.941",,"274,1:?,2:FALSE,,1",,"274,1:?,2:FALSE,,0.99",,
Theroot.com,"63,1:?,2:FALSE,,0.941",,"63,1:?,2:FALSE,,1",,"63,1:?,2:FALSE,,0.922",,
Thestar.com,"58,1:?,2:FALSE,,0.941",,"58,1:?,2:FALSE,,1",,"58,1:?,2:FALSE,,0.93",,
Thestate.com,"194,1:?,2:FALSE,,0.941",,"194,1:?,2:FALSE,,1",,"194,1:?,2:FALSE,,0.994",,
Thestatesman.com,"241,1:?,2:FALSE,,0.941",,"241,1:?,2:FALSE,,1",,"241,1:?,2:FALSE,,1",,
Thestranger.com,"135,1:?,2:FALSE,,0.941",,"135,1:?,2:FALSE,,1",,"135,1:?,2:FALSE,,0.99",,
Thetimes.co.uk,"77,1:?,2:FALSE,,0.941",,"77,1:?,2:FALSE,,1",,"77,1:?,2:FALSE,,0.9",,
Theweek.com,"94,1:?,2:FALSE,,0.941",,"94,1:?,2:FALSE,,1",,"94,1:?,2:FALSE,,0.91",,
Thewest.com.au,"176,1:?,2:FALSE,,0.941",,"176,1:?,2:FALSE,,1",,"176,1:?,2:FALSE,,0.922",,
Time.com,"28,1:?,2:FALSE,,0.941",,"28,1:?,2:FALSE,,1",,"28,1:?,2:FALSE,,0.95",,
Timesofindia.indiatimes.com,"15,1:?,2:FALSE,,0.941",,"15,1:?,2:FALSE,,1",,"15,1:?,2:FALSE,,0.98",,
Timesunion.com,"188,1:?,2:FALSE,,0.941",,"188,1:?,2:FALSE,,1",,"188,1:?,2:FALSE,,0.882",,
Today.duke.edu,"332,1:?,2:FALSE,,0.941",,"332,1:?,2:FALSE,,1",,"332,1:?,2:FALSE,,1",,
Topix.com,"87,1:?,2:FALSE,,0.941",,"87,1:?,2:FALSE,,1",,"87,1:?,2:FALSE,,0.922",,
Townnews365.com,"245,1:?,2:FALSE,,0.941",,"245,1:?,2:FALSE,,1",,"245,1:?,2:FALSE,,1",,451
Trib.com,"338,1:?,2:FALSE,,0.941",,"338,1:?,2:FALSE,,1",,"338,1:?,2:FALSE,,1",,451
Triblive.com,"168,1:?,2:FALSE,,0.941",,"168,1:?,2:FALSE,,1",,"168,1:?,2:FALSE,,0.95",,
Tribuneindia.com,"141,1:?,2:FALSE,,0.941",,"141,1:?,2:FALSE,,1",,"141,1:?,2:FALSE,,1",,
Truthdig.com,"219,1:?,2:FALSE,,0.941",,"219,1:?,2:FALSE,,1",,"219,1:?,2:FALSE,,0.96",,
Tucson.com,"196,1:?,2:FALSE,,0.941",,"196,1:?,2:FALSE,,1",,"196,1:?,2:FALSE,,1",,451
Twincities.com,"162,1:?,1:TRUE,,0.667",FP,"162,1:?,2:FALSE,,1",,"162,1:?,2:FALSE,,0.67",,
Universalhub.com,"247,1:?,2:FALSE,,0.941",,"247,1:?,2:FALSE,,1",,"247,1:?,2:FALSE,,0.861",,
Upi.com,"132,1:?,2:FALSE,,0.941",,"132,1:?,2:FALSE,,1",,"132,1:?,2:FALSE,,0.704",,
Usatoday.com,"16,1:?,2:FALSE,,0.941",,"16,1:?,2:FALSE,,1",,"16,1:?,2:FALSE,,1",,Redirect to EU specific domain
Usnews.com,"29,1:?,2:FALSE,,0.941",,"29,1:?,2:FALSE,,1",,"29,1:?,2:FALSE,,0.78",,
Vancouversun.com,"153,1:?,2:FALSE,,0.941",,"153,1:?,2:FALSE,,1",,"153,1:?,2:FALSE,,0.7",,
Variety.com,"42,1:?,2:FALSE,,0.846",,"42,1:?,2:FALSE,,1",,"42,1:?,2:FALSE,,0.53",,
Vcstar.com,"271,1:?,2:FALSE,,0.941",,"271,1:?,2:FALSE,,1",,"271,1:?,2:FALSE,,1",,Redirect to EU specific domain
Villagevoice.com,"224,1:?,2:FALSE,,0.941",,"224,1:?,2:FALSE,,1",,"224,1:?,2:FALSE,,0.96",,
Voanews.com,"61,1:?,2:FALSE,,0.941",,"61,1:?,2:FALSE,,1",,"61,1:?,2:FALSE,,1",,
Voat.co,"106,1:?,2:FALSE,,0.941",,"106,1:?,2:FALSE,,1",,"106,1:?,2:FALSE,,1",,
Wacotrib.com,"340,1:?,2:FALSE,,0.941",,"340,1:?,2:FALSE,,1",,"340,1:?,2:FALSE,,1",,451
Washingtoncitypaper.com,"263,1:?,2:FALSE,,0.941",,"263,1:?,2:FALSE,,1",,"263,1:?,2:FALSE,,1",,
Washingtonexaminer.com,"85,1:?,2:FALSE,,0.941",,"85,1:?,2:FALSE,,1",,"85,1:?,2:FALSE,,0.75",,
Washingtonpost.com,"10,1:?,2:FALSE,,0.941",,"10,1:?,2:FALSE,,1",,"10,1:?,2:FALSE,,0.98",,Redirect to EU specific domain
Washingtontimes.com,"80,1:?,1:TRUE,,1",TP,"80,1:?,1:TRUE,,1",TP,"80,1:?,1:TRUE,,0.86",TP,
Weather-forecast.com,"204,1:?,1:TRUE,,0.972",FP,"204,1:?,2:FALSE,,1",,"204,1:?,1:TRUE,,0.94",FP,
Weather.com,"11,1:?,2:FALSE,,0.875",,"11,1:?,2:FALSE,,1",,"11,1:?,2:FALSE,,0.67",,
Weather.gov,"38,1:?,2:FALSE,,0.769",,"38,1:?,1:FALSE,,1",,"38,1:?,1:FALSE,,0.68",,
Weather2umbrella.com,"192,1:?,2:FALSE,,0.941",,"192,1:?,2:FALSE,,1",,"192,1:?,2:FALSE,,0.98",,
Weatherbug.com,"119,1:?,2:FALSE,,0.941",,"119,1:?,2:FALSE,,1",,"119,1:?,2:FALSE,,1",,
Weathercity.com,"354,1:?,2:FALSE,,0.941",,"354,1:?,2:FALSE,,1",,"354,1:?,2:FALSE,,1",,
Weatheronline.co.uk,"207,1:?,2:FALSE,,0.941",,"207,1:?,2:FALSE,,1",,"207,1:?,2:FALSE,,0.861",,
Westword.com,"157,1:?,2:FALSE,,0.941",,"157,1:?,2:FALSE,,1",,"157,1:?,2:FALSE,,0.95",,
Winnipegfreepress.com,"244,1:?,2:FALSE,,0.941",,"244,1:?,2:FALSE,,1",,"244,1:?,2:FALSE,,1",,451
Wn.com,"156,1:?,2:FALSE,,0.941",,"156,1:?,2:FALSE,,1",,"156,1:?,2:FALSE,,1",,
Worldpressphoto.org,"351,1:?,2:FALSE,,0.941",,"351,1:?,2:FALSE,,1",,"351,1:?,2:FALSE,,1",,
Worldweatheronline.com,"208,1:?,2:FALSE,,0.875",,"208,1:?,2:FALSE,,1",,"208,1:?,2:FALSE,,0.72",,
Wsj.com,"20,1:?,2:FALSE,,1",,"20,1:?,2:FALSE,,0.999",,"20,1:?,2:FALSE,,0.79",,
Wtop.com,"114,1:?,2:FALSE,,0.941",,"114,1:?,2:FALSE,,1",,"114,1:?,2:FALSE,,0.95",,
Wunderground.com,"21,1:?,2:FALSE,,0.941",,"21,1:?,2:FALSE,,1",,"21,1:?,2:FALSE,,0.84",,
Wvgazettemail.com,"313,1:?,2:FALSE,,0.941",,"313,1:?,2:FALSE,,1",,"313,1:?,2:FALSE,,1",,451
Yakimaherald.com,"304,1:?,2:FALSE,,0.941",,"304,1:?,2:FALSE,,1",,"304,1:?,2:FALSE,,1",,451
Yournewswire.com,"183,1:?,2:FALSE,,0.941",,"183,1:?,2:FALSE,,1",,"183,1:?,2:FALSE,,1",,
Yr.no,"40,1:?,1:TRUE,,0.972",FP,"40,1:?,2:FALSE,,1",,"40,1:?,2:FALSE,,0.66",,Weather site content changes rapidly
,,,,,,,
,,TP=10/FP=8,,TP=6/FP=1,,TP=11/FP=5,
,,,,,,,
,,,,,,,
,,"HTTP 451 ""Unavailable for Legal Reasons""",67,,,,
,,Redirect to EU specific domain,25,,,,
