1,1:?,FALSE,,1
2,1:?,FALSE,,1
3,1:?,FALSE,,1
4,1:?,FALSE,,1
5,1:?,FALSE,,1
6,1:?,FALSE,,1
7,1:?,FALSE,,1
8,1:?,TRUE,,1
9,1:?,FALSE,,1
10,1:?,FALSE,,1
11,1:?,FALSE,,1
12,1:?,FALSE,,1
13,1:?,FALSE,,1
14,1:?,FALSE,,1
15,1:?,FALSE,,1
16,1:?,FALSE,,1
17,1:?,FALSE,,1
18,1:?,FALSE,,1
19,1:?,FALSE,,1
20,1:?,FALSE,,1
21,1:?,FALSE,,1
22,1:?,FALSE,,1
23,1:?,FALSE,,1
24,1:?,FALSE,,1
25,1:?,FALSE,,1
26,1:?,FALSE,,1
27,1:?,FALSE,,1
28,1:?,FALSE,,1
29,1:?,FALSE,,1
30,1:?,FALSE,,1
31,1:?,FALSE,,1
32,1:?,FALSE,,1
33,1:?,FALSE,,1
34,1:?,FALSE,,1
35,1:?,FALSE,,1
36,1:?,FALSE,,1
37,1:?,FALSE,,1
38,1:?,FALSE,,1
39,1:?,FALSE,,1
40,1:?,FALSE,,1
41,1:?,FALSE,,1
42,1:?,FALSE,,1
43,1:?,FALSE,,1
44,1:?,FALSE,,1
45,1:?,FALSE,,1
46,1:?,FALSE,,1
47,1:?,FALSE,,0.996
48,1:?,FALSE,,1
49,1:?,FALSE,,1
50,1:?,FALSE,,1
51,1:?,FALSE,,1
52,1:?,FALSE,,1
53,1:?,FALSE,,1
54,1:?,FALSE,,1
55,1:?,FALSE,,1
56,1:?,FALSE,,1
57,1:?,FALSE,,1
58,1:?,FALSE,,1
59,1:?,FALSE,,1
60,1:?,FALSE,,1
61,1:?,FALSE,,1
62,1:?,TRUE,,1
63,1:?,FALSE,,1
64,1:?,FALSE,,1
65,1:?,FALSE,,1
66,1:?,FALSE,,1
67,1:?,FALSE,,1
68,1:?,FALSE,,1
69,1:?,FALSE,,1
70,1:?,FALSE,,1
71,1:?,FALSE,,1
72,1:?,FALSE,,1
73,1:?,FALSE,,1
74,1:?,FALSE,,1
75,1:?,FALSE,,1
76,1:?,FALSE,,1
77,1:?,FALSE,,1
78,1:?,TRUE,,1
79,1:?,FALSE,,1
80,1:?,FALSE,,1
81,1:?,FALSE,,1
82,1:?,FALSE,,1
83,1:?,FALSE,,1
84,1:?,FALSE,,1
85,1:?,FALSE,,1
86,1:?,FALSE,,1
87,1:?,FALSE,,0.999
88,1:?,FALSE,,1
89,1:?,FALSE,,1
90,1:?,FALSE,,1
91,1:?,FALSE,,1
92,1:?,FALSE,,1
93,1:?,FALSE,,1
94,1:?,FALSE,,1
95,1:?,FALSE,,1
96,1:?,FALSE,,1
97,1:?,FALSE,,1
98,1:?,FALSE,,1
99,1:?,FALSE,,1
100,1:?,FALSE,,1
101,1:?,FALSE,,1
102,1:?,FALSE,,1
103,1:?,FALSE,,1
104,1:?,FALSE,,1
105,1:?,FALSE,,1
106,1:?,FALSE,,1
107,1:?,FALSE,,1
108,1:?,FALSE,,1
109,1:?,FALSE,,1
110,1:?,FALSE,,1
111,1:?,FALSE,,1
112,1:?,FALSE,,1
113,1:?,FALSE,,1
114,1:?,FALSE,,1
115,1:?,FALSE,,1
116,1:?,FALSE,,1
117,1:?,FALSE,,1
118,1:?,FALSE,,1
119,1:?,FALSE,,1
120,1:?,FALSE,,1
121,1:?,FALSE,,1
122,1:?,FALSE,,1
123,1:?,FALSE,,1
124,1:?,FALSE,,1
125,1:?,FALSE,,1
126,1:?,FALSE,,1
127,1:?,FALSE,,1
128,1:?,FALSE,,1
129,1:?,FALSE,,1
130,1:?,FALSE,,1
131,1:?,FALSE,,1
132,1:?,FALSE,,1
133,1:?,FALSE,,1
134,1:?,FALSE,,1
135,1:?,FALSE,,1
136,1:?,FALSE,,1
137,1:?,FALSE,,0.997
138,1:?,FALSE,,1
139,1:?,FALSE,,1
140,1:?,FALSE,,1
141,1:?,FALSE,,1
142,1:?,FALSE,,1
143,1:?,FALSE,,1
144,1:?,FALSE,,1
145,1:?,FALSE,,1
146,1:?,FALSE,,1
147,1:?,FALSE,,1
148,1:?,FALSE,,1
149,1:?,FALSE,,1
150,1:?,FALSE,,1
151,1:?,FALSE,,1
152,1:?,FALSE,,1
153,1:?,FALSE,,1
154,1:?,FALSE,,1
155,1:?,FALSE,,1
156,1:?,FALSE,,1
157,1:?,FALSE,,1
158,1:?,FALSE,,1
159,1:?,FALSE,,1
160,1:?,FALSE,,1
161,1:?,FALSE,,1
162,1:?,FALSE,,1
163,1:?,FALSE,,1
164,1:?,FALSE,,1
165,1:?,FALSE,,0.999
166,1:?,FALSE,,1
167,1:?,FALSE,,1
168,1:?,FALSE,,1
169,1:?,FALSE,,1
170,1:?,FALSE,,1
171,1:?,FALSE,,1
172,1:?,FALSE,,1
173,1:?,FALSE,,1
174,1:?,FALSE,,1
175,1:?,FALSE,,1
176,1:?,FALSE,,1
177,1:?,FALSE,,1
178,1:?,FALSE,,1
179,1:?,FALSE,,1
180,1:?,FALSE,,1
181,1:?,FALSE,,1
182,1:?,FALSE,,1
183,1:?,FALSE,,1
184,1:?,FALSE,,1
185,1:?,FALSE,,1
186,1:?,FALSE,,1
187,1:?,FALSE,,1
188,1:?,FALSE,,1
189,1:?,FALSE,,1
190,1:?,FALSE,,1
191,1:?,FALSE,,1
192,1:?,FALSE,,1
193,1:?,FALSE,,1
194,1:?,FALSE,,1
195,1:?,FALSE,,1
196,1:?,FALSE,,1
197,1:?,FALSE,,1
198,1:?,FALSE,,1
199,1:?,FALSE,,1
200,1:?,FALSE,,1
201,1:?,FALSE,,1
202,1:?,FALSE,,1
203,1:?,FALSE,,1
204,1:?,FALSE,,1
205,1:?,FALSE,,1
206,1:?,FALSE,,1
207,1:?,FALSE,,1
208,1:?,FALSE,,1
209,1:?,FALSE,,1
210,1:?,FALSE,,1
211,1:?,FALSE,,1
212,1:?,FALSE,,1
213,1:?,FALSE,,1
214,1:?,FALSE,,1
215,1:?,FALSE,,1
216,1:?,FALSE,,1
217,1:?,FALSE,,1
218,1:?,FALSE,,1
219,1:?,FALSE,,1
220,1:?,FALSE,,1
221,1:?,FALSE,,1
222,1:?,FALSE,,1
223,1:?,FALSE,,1
224,1:?,FALSE,,1
225,1:?,FALSE,,1
226,1:?,FALSE,,1
227,1:?,FALSE,,1
228,1:?,FALSE,,1
229,1:?,FALSE,,1
230,1:?,FALSE,,1
231,1:?,FALSE,,1
232,1:?,FALSE,,1
233,1:?,FALSE,,1
234,1:?,FALSE,,1
235,1:?,FALSE,,1
236,1:?,FALSE,,1
237,1:?,FALSE,,1
238,1:?,FALSE,,1
239,1:?,FALSE,,1
240,1:?,FALSE,,1
241,1:?,FALSE,,1
242,1:?,FALSE,,1
243,1:?,FALSE,,1
244,1:?,FALSE,,1
245,1:?,FALSE,,1
246,1:?,FALSE,,1
247,1:?,FALSE,,1
248,1:?,FALSE,,1
249,1:?,FALSE,,1
250,1:?,FALSE,,1
251,1:?,FALSE,,1
252,1:?,FALSE,,1
253,1:?,FALSE,,1
254,1:?,FALSE,,1
255,1:?,FALSE,,1
256,1:?,FALSE,,1
257,1:?,FALSE,,1
258,1:?,FALSE,,1
259,1:?,FALSE,,1
260,1:?,FALSE,,1
261,1:?,FALSE,,1
262,1:?,FALSE,,1
263,1:?,FALSE,,1
264,1:?,FALSE,,1
265,1:?,FALSE,,1
266,1:?,FALSE,,1
267,1:?,FALSE,,1
268,1:?,FALSE,,1
269,1:?,FALSE,,1
270,1:?,FALSE,,1
271,1:?,FALSE,,1
272,1:?,FALSE,,1
273,1:?,FALSE,,1
274,1:?,FALSE,,1
275,1:?,FALSE,,1
276,1:?,FALSE,,1
277,1:?,FALSE,,1
278,1:?,FALSE,,1
279,1:?,FALSE,,1
280,1:?,FALSE,,1
281,1:?,FALSE,,1
282,1:?,FALSE,,1
283,1:?,FALSE,,1
284,1:?,FALSE,,1
285,1:?,FALSE,,1
286,1:?,FALSE,,1
287,1:?,FALSE,,1
288,1:?,FALSE,,1
289,1:?,FALSE,,1
290,1:?,FALSE,,1
291,1:?,FALSE,,1
292,1:?,FALSE,,1
293,1:?,FALSE,,1
294,1:?,FALSE,,1
295,1:?,FALSE,,1
296,1:?,FALSE,,1
297,1:?,FALSE,,1
298,1:?,FALSE,,1
299,1:?,FALSE,,1
300,1:?,FALSE,,1
301,1:?,FALSE,,1
302,1:?,FALSE,,1
303,1:?,FALSE,,1
304,1:?,FALSE,,1
305,1:?,FALSE,,1
306,1:?,FALSE,,1
307,1:?,FALSE,,1
308,1:?,FALSE,,1
309,1:?,FALSE,,1
310,1:?,FALSE,,1
311,1:?,FALSE,,1
312,1:?,FALSE,,1
313,1:?,FALSE,,1
314,1:?,FALSE,,1
315,1:?,FALSE,,1
316,1:?,FALSE,,1
317,1:?,FALSE,,1
318,1:?,FALSE,,1
319,1:?,FALSE,,1
320,1:?,FALSE,,1
321,1:?,FALSE,,1
322,1:?,FALSE,,1
323,1:?,FALSE,,1
324,1:?,FALSE,,1
325,1:?,FALSE,,1
326,1:?,FALSE,,1
327,1:?,FALSE,,1
328,1:?,FALSE,,1
329,1:?,FALSE,,1
330,1:?,FALSE,,1
331,1:?,FALSE,,1
332,1:?,FALSE,,1
333,1:?,FALSE,,1
334,1:?,FALSE,,1
335,1:?,FALSE,,1
336,1:?,FALSE,,1
337,1:?,FALSE,,1
338,1:?,FALSE,,1
339,1:?,FALSE,,1
340,1:?,FALSE,,1
341,1:?,FALSE,,1
342,1:?,FALSE,,1
343,1:?,FALSE,,1
344,1:?,FALSE,,1
345,1:?,FALSE,,1
346,1:?,FALSE,,1
347,1:?,FALSE,,1
348,1:?,FALSE,,1
349,1:?,FALSE,,1
350,1:?,FALSE,,1
351,1:?,FALSE,,1
352,1:?,FALSE,,1
353,1:?,FALSE,,1
354,1:?,FALSE,,1
355,1:?,FALSE,,1
356,1:?,FALSE,,1
357,1:?,FALSE,,1
358,1:?,FALSE,,1
359,1:?,FALSE,,1
360,1:?,FALSE,,1
361,1:?,FALSE,,1
362,1:?,FALSE,,1
363,1:?,FALSE,,1
364,1:?,FALSE,,1
365,1:?,FALSE,,1
366,1:?,FALSE,,1
367,1:?,FALSE,,1
368,1:?,FALSE,,1
369,1:?,FALSE,,1
370,1:?,FALSE,,1
371,1:?,FALSE,,1
372,1:?,FALSE,,1
373,1:?,FALSE,,1
374,1:?,FALSE,,1
375,1:?,FALSE,,1
376,1:?,FALSE,,1
377,1:?,FALSE,,1
378,1:?,FALSE,,1
379,1:?,FALSE,,1
380,1:?,FALSE,,1
381,1:?,FALSE,,1
382,1:?,FALSE,,1
383,1:?,FALSE,,1
384,1:?,FALSE,,1
385,1:?,FALSE,,1
386,1:?,FALSE,,1
387,1:?,FALSE,,1
388,1:?,FALSE,,1
389,1:?,FALSE,,1
390,1:?,FALSE,,1
391,1:?,FALSE,,1
392,1:?,FALSE,,1
393,1:?,FALSE,,1
394,1:?,FALSE,,1
395,1:?,FALSE,,1
396,1:?,FALSE,,1
397,1:?,FALSE,,1
398,1:?,FALSE,,1
399,1:?,FALSE,,1
400,1:?,FALSE,,1
401,1:?,FALSE,,1
402,1:?,FALSE,,1
403,1:?,FALSE,,1
404,1:?,FALSE,,1
405,1:?,TRUE,,1
406,1:?,FALSE,,1
407,1:?,FALSE,,1
408,1:?,FALSE,,1
409,1:?,FALSE,,1
410,1:?,FALSE,,1
411,1:?,FALSE,,1
412,1:?,FALSE,,1
413,1:?,FALSE,,1
414,1:?,FALSE,,1
415,1:?,FALSE,,1
416,1:?,FALSE,,1
417,1:?,FALSE,,1
418,1:?,FALSE,,1
419,1:?,FALSE,,1
420,1:?,FALSE,,1
421,1:?,FALSE,,1
422,1:?,FALSE,,1
423,1:?,FALSE,,1
424,1:?,FALSE,,1
425,1:?,FALSE,,1
426,1:?,FALSE,,1
427,1:?,FALSE,,1
428,1:?,FALSE,,1
429,1:?,FALSE,,1
430,1:?,FALSE,,1
431,1:?,FALSE,,1
432,1:?,FALSE,,1
433,1:?,FALSE,,1
434,1:?,FALSE,,1
435,1:?,FALSE,,1
436,1:?,FALSE,,1
437,1:?,FALSE,,1
438,1:?,FALSE,,1
439,1:?,FALSE,,1
440,1:?,FALSE,,1
441,1:?,FALSE,,1
442,1:?,FALSE,,1
443,1:?,FALSE,,1
444,1:?,FALSE,,1
445,1:?,FALSE,,1
446,1:?,FALSE,,1
447,1:?,FALSE,,1
448,1:?,FALSE,,1
449,1:?,FALSE,,1
450,1:?,FALSE,,1
451,1:?,FALSE,,1
452,1:?,FALSE,,1
453,1:?,FALSE,,1
454,1:?,FALSE,,1
455,1:?,FALSE,,1
456,1:?,FALSE,,1
457,1:?,FALSE,,1
458,1:?,FALSE,,1
459,1:?,FALSE,,1
460,1:?,FALSE,,1
461,1:?,FALSE,,1
462,1:?,FALSE,,1
463,1:?,FALSE,,1
464,1:?,FALSE,,1
465,1:?,FALSE,,1
466,1:?,FALSE,,1
467,1:?,FALSE,,1
468,1:?,FALSE,,1
469,1:?,FALSE,,1
470,1:?,FALSE,,1
471,1:?,FALSE,,1
472,1:?,FALSE,,1
473,1:?,FALSE,,1
474,1:?,FALSE,,1
475,1:?,FALSE,,1
476,1:?,FALSE,,1
477,1:?,FALSE,,1
478,1:?,FALSE,,1
479,1:?,FALSE,,1
480,1:?,FALSE,,1
481,1:?,FALSE,,1
482,1:?,FALSE,,1
483,1:?,FALSE,,1
484,1:?,FALSE,,1
485,1:?,FALSE,,1
486,1:?,FALSE,,1
487,1:?,FALSE,,1
488,1:?,FALSE,,1
489,1:?,FALSE,,1
490,1:?,FALSE,,1
491,1:?,FALSE,,1
492,1:?,FALSE,,1
493,1:?,FALSE,,1
494,1:?,FALSE,,1
495,1:?,FALSE,,1
496,1:?,FALSE,,1
497,1:?,FALSE,,1
498,1:?,FALSE,,1
499,1:?,FALSE,,1
500,1:?,FALSE,,1
501,1:?,FALSE,,1
502,1:?,FALSE,,1
503,1:?,FALSE,,1
504,1:?,FALSE,,1
505,1:?,FALSE,,1
506,1:?,FALSE,,1
507,1:?,FALSE,,1
508,1:?,FALSE,,1
509,1:?,FALSE,,1
510,1:?,FALSE,,1
511,1:?,FALSE,,1
512,1:?,FALSE,,1
513,1:?,TRUE,,0.995
514,1:?,FALSE,,1
515,1:?,FALSE,,1
516,1:?,FALSE,,1
517,1:?,FALSE,,1
518,1:?,FALSE,,1
519,1:?,FALSE,,1
520,1:?,FALSE,,1
521,1:?,FALSE,,1
522,1:?,FALSE,,1
523,1:?,FALSE,,1
524,1:?,FALSE,,1
525,1:?,FALSE,,1
526,1:?,FALSE,,1
527,1:?,FALSE,,1
528,1:?,FALSE,,1
529,1:?,FALSE,,1
530,1:?,FALSE,,1
531,1:?,FALSE,,1
532,1:?,FALSE,,1
533,1:?,FALSE,,1
534,1:?,FALSE,,1
535,1:?,FALSE,,1
536,1:?,FALSE,,1
537,1:?,FALSE,,1
538,1:?,FALSE,,1
539,1:?,FALSE,,1
540,1:?,FALSE,,1
541,1:?,FALSE,,1
542,1:?,FALSE,,1
543,1:?,FALSE,,1
544,1:?,FALSE,,1
545,1:?,FALSE,,1
546,1:?,FALSE,,1
547,1:?,FALSE,,1
548,1:?,FALSE,,1
549,1:?,FALSE,,1
550,1:?,FALSE,,1
551,1:?,FALSE,,1
552,1:?,FALSE,,1
553,1:?,FALSE,,1
554,1:?,FALSE,,1
555,1:?,FALSE,,1
556,1:?,FALSE,,1
557,1:?,FALSE,,1
558,1:?,FALSE,,1
559,1:?,FALSE,,1
560,1:?,FALSE,,1
561,1:?,FALSE,,1
562,1:?,FALSE,,1
563,1:?,FALSE,,1
564,1:?,FALSE,,1
565,1:?,FALSE,,1
566,1:?,FALSE,,1
567,1:?,FALSE,,1
568,1:?,FALSE,,1
569,1:?,FALSE,,1
570,1:?,FALSE,,1
571,1:?,FALSE,,1
572,1:?,FALSE,,1
573,1:?,FALSE,,1
574,1:?,FALSE,,1
575,1:?,FALSE,,1
576,1:?,FALSE,,1
577,1:?,FALSE,,1
578,1:?,FALSE,,1
579,1:?,FALSE,,1
580,1:?,FALSE,,1
581,1:?,FALSE,,1
582,1:?,FALSE,,1
583,1:?,FALSE,,1
584,1:?,FALSE,,1
585,1:?,FALSE,,1
586,1:?,FALSE,,1
587,1:?,FALSE,,1
588,1:?,FALSE,,1
589,1:?,FALSE,,1
590,1:?,FALSE,,1
591,1:?,FALSE,,1
592,1:?,FALSE,,1
593,1:?,FALSE,,1
594,1:?,FALSE,,1
595,1:?,FALSE,,1
596,1:?,FALSE,,1
597,1:?,FALSE,,1
598,1:?,FALSE,,1
599,1:?,FALSE,,1
600,1:?,FALSE,,1
601,1:?,FALSE,,1
602,1:?,FALSE,,1
603,1:?,FALSE,,1
604,1:?,FALSE,,1
605,1:?,FALSE,,1
606,1:?,FALSE,,1
607,1:?,FALSE,,1
608,1:?,FALSE,,1
609,1:?,FALSE,,1
610,1:?,FALSE,,1
611,1:?,FALSE,,1
612,1:?,FALSE,,1
613,1:?,FALSE,,1
614,1:?,FALSE,,1
615,1:?,FALSE,,1
616,1:?,FALSE,,0.991
617,1:?,FALSE,,1
618,1:?,FALSE,,1
619,1:?,FALSE,,1
620,1:?,FALSE,,1
621,1:?,FALSE,,1
622,1:?,FALSE,,1
623,1:?,FALSE,,1
624,1:?,FALSE,,1
625,1:?,FALSE,,1
626,1:?,FALSE,,1
627,1:?,FALSE,,1
628,1:?,FALSE,,1
629,1:?,FALSE,,1
630,1:?,FALSE,,1
631,1:?,FALSE,,1
632,1:?,FALSE,,1
633,1:?,FALSE,,1
634,1:?,FALSE,,1
635,1:?,FALSE,,1
636,1:?,FALSE,,1
637,1:?,FALSE,,1
638,1:?,FALSE,,1
639,1:?,FALSE,,1
640,1:?,FALSE,,1
641,1:?,TRUE,,0.88
642,1:?,FALSE,,1
643,1:?,FALSE,,1
644,1:?,FALSE,,1
645,1:?,FALSE,,1
646,1:?,FALSE,,1
647,1:?,FALSE,,1
648,1:?,FALSE,,1
649,1:?,FALSE,,1
650,1:?,FALSE,,1
651,1:?,FALSE,,1
652,1:?,FALSE,,1
653,1:?,FALSE,,1
654,1:?,FALSE,,1
655,1:?,FALSE,,1
656,1:?,FALSE,,1
657,1:?,FALSE,,1
658,1:?,FALSE,,1
659,1:?,FALSE,,1
660,1:?,FALSE,,1
661,1:?,FALSE,,1
662,1:?,FALSE,,1
663,1:?,FALSE,,1
664,1:?,FALSE,,1
665,1:?,FALSE,,1
666,1:?,FALSE,,1
667,1:?,FALSE,,1
668,1:?,FALSE,,1
669,1:?,FALSE,,1
670,1:?,FALSE,,1
671,1:?,FALSE,,1
672,1:?,FALSE,,1
673,1:?,FALSE,,1
674,1:?,FALSE,,1
675,1:?,FALSE,,1
676,1:?,FALSE,,1
677,1:?,FALSE,,1
678,1:?,FALSE,,1
679,1:?,FALSE,,1
680,1:?,FALSE,,1
681,1:?,FALSE,,1
682,1:?,FALSE,,1
683,1:?,FALSE,,1
684,1:?,FALSE,,1
685,1:?,FALSE,,1
686,1:?,FALSE,,1
687,1:?,FALSE,,1
688,1:?,FALSE,,1
689,1:?,FALSE,,1
690,1:?,FALSE,,1
691,1:?,FALSE,,1
692,1:?,FALSE,,1
693,1:?,FALSE,,1
694,1:?,FALSE,,1
695,1:?,FALSE,,1
696,1:?,FALSE,,1
697,1:?,FALSE,,1
698,1:?,FALSE,,1
699,1:?,FALSE,,1
700,1:?,FALSE,,1
701,1:?,FALSE,,1
702,1:?,FALSE,,1
703,1:?,FALSE,,1
704,1:?,FALSE,,1
705,1:?,FALSE,,1
706,1:?,FALSE,,1
707,1:?,FALSE,,1
708,1:?,FALSE,,1
709,1:?,FALSE,,1
710,1:?,FALSE,,1
711,1:?,FALSE,,1
712,1:?,FALSE,,1
713,1:?,FALSE,,1
714,1:?,FALSE,,1
715,1:?,FALSE,,1
716,1:?,FALSE,,1
717,1:?,FALSE,,1
718,1:?,FALSE,,1
719,1:?,FALSE,,1
720,1:?,FALSE,,1
721,1:?,FALSE,,1
722,1:?,FALSE,,1
723,1:?,FALSE,,1
724,1:?,FALSE,,1
725,1:?,FALSE,,1
726,1:?,FALSE,,1
727,1:?,FALSE,,1
728,1:?,FALSE,,1
729,1:?,FALSE,,1
730,1:?,FALSE,,1
731,1:?,FALSE,,1
732,1:?,FALSE,,1
733,1:?,FALSE,,1
734,1:?,FALSE,,1
735,1:?,FALSE,,1
736,1:?,FALSE,,1
737,1:?,FALSE,,1
738,1:?,FALSE,,1
739,1:?,FALSE,,1
740,1:?,FALSE,,1
741,1:?,FALSE,,1
742,1:?,FALSE,,1
743,1:?,FALSE,,1
744,1:?,FALSE,,1
745,1:?,FALSE,,1
746,1:?,FALSE,,1
747,1:?,FALSE,,1
748,1:?,FALSE,,1
749,1:?,FALSE,,1
750,1:?,FALSE,,1
751,1:?,FALSE,,1
752,1:?,FALSE,,1
753,1:?,FALSE,,1
754,1:?,FALSE,,1
755,1:?,FALSE,,1
756,1:?,FALSE,,1
757,1:?,FALSE,,1
758,1:?,FALSE,,1
759,1:?,FALSE,,1
760,1:?,FALSE,,1
761,1:?,FALSE,,1
762,1:?,FALSE,,1
763,1:?,FALSE,,1
764,1:?,FALSE,,1
765,1:?,FALSE,,1
766,1:?,FALSE,,1
767,1:?,FALSE,,1
768,1:?,FALSE,,1
769,1:?,FALSE,,1
770,1:?,FALSE,,1
771,1:?,FALSE,,1
772,1:?,FALSE,,1
773,1:?,FALSE,,1
774,1:?,FALSE,,1
775,1:?,FALSE,,1
776,1:?,FALSE,,1
777,1:?,FALSE,,1
778,1:?,FALSE,,1
779,1:?,FALSE,,1
780,1:?,FALSE,,1
781,1:?,FALSE,,1
782,1:?,FALSE,,1
783,1:?,FALSE,,1
784,1:?,FALSE,,1
785,1:?,FALSE,,1
786,1:?,FALSE,,1
787,1:?,FALSE,,1
788,1:?,FALSE,,1
789,1:?,FALSE,,1
790,1:?,FALSE,,1
791,1:?,FALSE,,1
792,1:?,FALSE,,1
793,1:?,FALSE,,1
794,1:?,FALSE,,1
795,1:?,FALSE,,1
796,1:?,FALSE,,1
797,1:?,FALSE,,1
798,1:?,FALSE,,1
799,1:?,FALSE,,1
800,1:?,FALSE,,1
801,1:?,FALSE,,1
802,1:?,FALSE,,1
803,1:?,FALSE,,1
804,1:?,FALSE,,1
805,1:?,FALSE,,1
806,1:?,FALSE,,1
807,1:?,FALSE,,1
808,1:?,FALSE,,1
809,1:?,FALSE,,1
810,1:?,FALSE,,1
811,1:?,FALSE,,1
812,1:?,FALSE,,1
813,1:?,FALSE,,1
814,1:?,FALSE,,1
815,1:?,FALSE,,1
816,1:?,FALSE,,1
817,1:?,FALSE,,1
818,1:?,FALSE,,1
819,1:?,FALSE,,1
820,1:?,FALSE,,1
821,1:?,FALSE,,1
822,1:?,FALSE,,1
823,1:?,FALSE,,1
824,1:?,FALSE,,1
825,1:?,FALSE,,1
826,1:?,FALSE,,1
827,1:?,FALSE,,1
828,1:?,FALSE,,1
829,1:?,FALSE,,1
830,1:?,FALSE,,1
831,1:?,FALSE,,1
832,1:?,FALSE,,1
833,1:?,FALSE,,1
834,1:?,FALSE,,1
835,1:?,FALSE,,1
836,1:?,FALSE,,1
837,1:?,FALSE,,1
838,1:?,FALSE,,1
839,1:?,FALSE,,1
840,1:?,FALSE,,1
841,1:?,FALSE,,1
842,1:?,FALSE,,1
843,1:?,FALSE,,1
844,1:?,FALSE,,1
845,1:?,FALSE,,1
846,1:?,FALSE,,1
847,1:?,FALSE,,1
848,1:?,FALSE,,1
849,1:?,FALSE,,1
850,1:?,FALSE,,1
851,1:?,FALSE,,1
852,1:?,FALSE,,1
853,1:?,FALSE,,1
854,1:?,FALSE,,1
855,1:?,FALSE,,1
856,1:?,FALSE,,1
857,1:?,FALSE,,1
858,1:?,FALSE,,1
859,1:?,FALSE,,1
860,1:?,FALSE,,1
861,1:?,FALSE,,1
862,1:?,FALSE,,0.661
863,1:?,FALSE,,1
864,1:?,FALSE,,1
865,1:?,FALSE,,1
866,1:?,FALSE,,1
867,1:?,FALSE,,1
868,1:?,FALSE,,1
869,1:?,FALSE,,1
870,1:?,FALSE,,1
871,1:?,FALSE,,1
872,1:?,FALSE,,1
873,1:?,FALSE,,1
874,1:?,FALSE,,1
875,1:?,FALSE,,1
876,1:?,FALSE,,1
877,1:?,FALSE,,1
878,1:?,FALSE,,1
879,1:?,FALSE,,1
880,1:?,FALSE,,1
881,1:?,FALSE,,1
882,1:?,FALSE,,1
883,1:?,FALSE,,1
884,1:?,FALSE,,1
885,1:?,FALSE,,1
886,1:?,FALSE,,1
887,1:?,FALSE,,1
888,1:?,FALSE,,1
889,1:?,FALSE,,1
890,1:?,FALSE,,1
891,1:?,FALSE,,1
892,1:?,FALSE,,1
893,1:?,FALSE,,1
894,1:?,FALSE,,1
895,1:?,FALSE,,1
896,1:?,FALSE,,1
897,1:?,FALSE,,1
898,1:?,FALSE,,1
899,1:?,FALSE,,1
900,1:?,FALSE,,1
901,1:?,FALSE,,1
902,1:?,FALSE,,1
903,1:?,FALSE,,1
904,1:?,FALSE,,1
905,1:?,FALSE,,1
906,1:?,FALSE,,1
907,1:?,FALSE,,1
908,1:?,FALSE,,1
909,1:?,FALSE,,1
910,1:?,FALSE,,1
911,1:?,FALSE,,1
912,1:?,FALSE,,1
913,1:?,FALSE,,1
914,1:?,FALSE,,1
915,1:?,FALSE,,1
916,1:?,FALSE,,1
917,1:?,FALSE,,1
918,1:?,FALSE,,1
919,1:?,FALSE,,1
920,1:?,FALSE,,1
921,1:?,FALSE,,1
922,1:?,FALSE,,1
923,1:?,FALSE,,1
924,1:?,FALSE,,1
925,1:?,FALSE,,1
926,1:?,FALSE,,1
927,1:?,FALSE,,1
928,1:?,FALSE,,1
929,1:?,FALSE,,1
930,1:?,FALSE,,1
931,1:?,FALSE,,1
932,1:?,FALSE,,1
933,1:?,FALSE,,1
934,1:?,FALSE,,1
935,1:?,FALSE,,1
936,1:?,FALSE,,1
937,1:?,FALSE,,1
938,1:?,FALSE,,1
939,1:?,FALSE,,1
940,1:?,TRUE,,1
941,1:?,FALSE,,1
942,1:?,FALSE,,1
943,1:?,FALSE,,1
944,1:?,FALSE,,1
945,1:?,FALSE,,1
946,1:?,FALSE,,1
947,1:?,FALSE,,1
948,1:?,FALSE,,1
949,1:?,FALSE,,1
950,1:?,FALSE,,1
951,1:?,FALSE,,1
952,1:?,FALSE,,1
953,1:?,FALSE,,1
954,1:?,FALSE,,1
955,1:?,FALSE,,1
956,1:?,FALSE,,1
957,1:?,FALSE,,1
958,1:?,FALSE,,1
959,1:?,FALSE,,1
960,1:?,FALSE,,1
961,1:?,FALSE,,1
962,1:?,FALSE,,1
963,1:?,FALSE,,1
964,1:?,FALSE,,1
965,1:?,FALSE,,1
966,1:?,FALSE,,1
967,1:?,FALSE,,1
968,1:?,FALSE,,1
969,1:?,FALSE,,1
970,1:?,FALSE,,1
971,1:?,FALSE,,1
972,1:?,FALSE,,1
973,1:?,FALSE,,1
974,1:?,FALSE,,1
975,1:?,FALSE,,1
976,1:?,FALSE,,1
977,1:?,FALSE,,1
978,1:?,FALSE,,1
979,1:?,FALSE,,1
980,1:?,FALSE,,1
981,1:?,FALSE,,1
982,1:?,FALSE,,1
983,1:?,FALSE,,1
984,1:?,FALSE,,1
985,1:?,FALSE,,1
986,1:?,FALSE,,1
987,1:?,FALSE,,1
988,1:?,FALSE,,1
989,1:?,FALSE,,1
990,1:?,FALSE,,1
991,1:?,FALSE,,1
992,1:?,FALSE,,1
993,1:?,FALSE,,1
994,1:?,FALSE,,1
995,1:?,FALSE,,1
996,1:?,FALSE,,1
997,1:?,FALSE,,1
998,1:?,FALSE,,1
999,1:?,FALSE,,1
1000,1:?,FALSE,,1
1001,1:?,FALSE,,1
1002,1:?,FALSE,,1
1003,1:?,FALSE,,1
1004,1:?,FALSE,,1
1005,1:?,FALSE,,1
1006,1:?,FALSE,,1
1007,1:?,FALSE,,1
1008,1:?,FALSE,,1
1009,1:?,FALSE,,1
1010,1:?,FALSE,,1
1011,1:?,FALSE,,1
1012,1:?,FALSE,,1
1013,1:?,FALSE,,1
1014,1:?,FALSE,,1
1015,1:?,FALSE,,1
1016,1:?,FALSE,,1
1017,1:?,FALSE,,1
1018,1:?,FALSE,,1
1019,1:?,FALSE,,1
1020,1:?,FALSE,,1
1021,1:?,FALSE,,1
1022,1:?,FALSE,,1
1023,1:?,FALSE,,1
1024,1:?,FALSE,,1
1025,1:?,FALSE,,1
1026,1:?,FALSE,,1
1027,1:?,FALSE,,1
1028,1:?,FALSE,,1
1029,1:?,FALSE,,1
1030,1:?,FALSE,,1
1031,1:?,FALSE,,1
1032,1:?,FALSE,,1
1033,1:?,FALSE,,1
1034,1:?,FALSE,,1
1035,1:?,FALSE,,1
1036,1:?,FALSE,,1
1037,1:?,FALSE,,1
1038,1:?,FALSE,,1
1039,1:?,FALSE,,1
1040,1:?,FALSE,,1
1041,1:?,FALSE,,1
1042,1:?,FALSE,,1
1043,1:?,FALSE,,1
1044,1:?,FALSE,,1
1045,1:?,FALSE,,1
1046,1:?,FALSE,,1
1047,1:?,FALSE,,1
1048,1:?,FALSE,,1
1049,1:?,FALSE,,1
1050,1:?,FALSE,,1
1051,1:?,FALSE,,1
1052,1:?,FALSE,,1
1053,1:?,FALSE,,1
1054,1:?,FALSE,,1
1055,1:?,FALSE,,1
1056,1:?,FALSE,,1
1057,1:?,FALSE,,1
1058,1:?,FALSE,,1
1059,1:?,FALSE,,1
1060,1:?,FALSE,,1
1061,1:?,FALSE,,1
1062,1:?,FALSE,,1
1063,1:?,FALSE,,1
1064,1:?,FALSE,,1
1065,1:?,FALSE,,1
1066,1:?,FALSE,,1
1067,1:?,FALSE,,1
1068,1:?,FALSE,,1
1069,1:?,FALSE,,1
1070,1:?,TRUE,,1
1071,1:?,FALSE,,1
1072,1:?,FALSE,,1
1073,1:?,FALSE,,1
1074,1:?,FALSE,,1
1075,1:?,FALSE,,1
1076,1:?,FALSE,,1
1077,1:?,FALSE,,1
1078,1:?,FALSE,,1
1079,1:?,FALSE,,1
1080,1:?,FALSE,,1
1081,1:?,FALSE,,1
1082,1:?,FALSE,,1
1083,1:?,FALSE,,1
1084,1:?,FALSE,,1
1085,1:?,FALSE,,1
1086,1:?,FALSE,,1
1087,1:?,FALSE,,1
1088,1:?,FALSE,,1
1089,1:?,FALSE,,1
1090,1:?,FALSE,,1
1091,1:?,FALSE,,1
1092,1:?,FALSE,,1
1093,1:?,FALSE,,1
1094,1:?,FALSE,,1
1095,1:?,FALSE,,1
1096,1:?,FALSE,,1
1097,1:?,FALSE,,1
1098,1:?,FALSE,,1
1099,1:?,FALSE,,1
1100,1:?,FALSE,,1
1101,1:?,FALSE,,1
1102,1:?,FALSE,,1
1103,1:?,FALSE,,1
1104,1:?,FALSE,,1
1105,1:?,FALSE,,1
1106,1:?,FALSE,,1
1107,1:?,FALSE,,1
1108,1:?,FALSE,,1
1109,1:?,FALSE,,1
1110,1:?,FALSE,,1
1111,1:?,FALSE,,1
1112,1:?,FALSE,,1
1113,1:?,FALSE,,1
1114,1:?,FALSE,,1
1115,1:?,FALSE,,1
1116,1:?,FALSE,,1
1117,1:?,FALSE,,1
1118,1:?,FALSE,,1
1119,1:?,FALSE,,1
1120,1:?,FALSE,,1
1121,1:?,FALSE,,1
1122,1:?,FALSE,,1
1123,1:?,FALSE,,1
1124,1:?,FALSE,,1
1125,1:?,FALSE,,1
1126,1:?,FALSE,,1
1127,1:?,FALSE,,1
1128,1:?,TRUE,,1
1129,1:?,FALSE,,1
1130,1:?,FALSE,,1
1131,1:?,FALSE,,1
1132,1:?,FALSE,,1
1133,1:?,FALSE,,1
1134,1:?,FALSE,,1
1135,1:?,FALSE,,1
1136,1:?,FALSE,,1
1137,1:?,FALSE,,1
1138,1:?,FALSE,,1
1139,1:?,FALSE,,1
1140,1:?,FALSE,,1
1141,1:?,FALSE,,1
1142,1:?,FALSE,,1
1143,1:?,FALSE,,1
1144,1:?,FALSE,,1
1145,1:?,FALSE,,1
1146,1:?,FALSE,,1
1147,1:?,FALSE,,1
1148,1:?,FALSE,,1
1149,1:?,FALSE,,1
1150,1:?,FALSE,,1
1151,1:?,FALSE,,1
1152,1:?,FALSE,,1
1153,1:?,FALSE,,1
1154,1:?,FALSE,,1
1155,1:?,FALSE,,1
1156,1:?,FALSE,,1
1157,1:?,FALSE,,1
1158,1:?,FALSE,,1
1159,1:?,FALSE,,1
1160,1:?,FALSE,,1
1161,1:?,FALSE,,1
1162,1:?,FALSE,,1
1163,1:?,FALSE,,1
1164,1:?,FALSE,,1
1165,1:?,FALSE,,1
1166,1:?,FALSE,,1
1167,1:?,FALSE,,1
1168,1:?,FALSE,,1
1169,1:?,FALSE,,1
1170,1:?,FALSE,,1
1171,1:?,FALSE,,1
1172,1:?,FALSE,,1
1173,1:?,FALSE,,1
1174,1:?,FALSE,,1
1175,1:?,FALSE,,1
1176,1:?,FALSE,,1
1177,1:?,TRUE,,1
1178,1:?,FALSE,,1
1179,1:?,FALSE,,1
1180,1:?,FALSE,,1
1181,1:?,FALSE,,1
1182,1:?,FALSE,,1
1183,1:?,FALSE,,1
1184,1:?,FALSE,,1
1185,1:?,FALSE,,1
1186,1:?,FALSE,,1
1187,1:?,FALSE,,1
1188,1:?,FALSE,,1
1189,1:?,FALSE,,1
1190,1:?,FALSE,,1
1191,1:?,FALSE,,1
1192,1:?,FALSE,,1
1193,1:?,FALSE,,1
1194,1:?,FALSE,,1
1195,1:?,FALSE,,1
1196,1:?,FALSE,,0.999
1197,1:?,FALSE,,1
1198,1:?,FALSE,,1
1199,1:?,FALSE,,1
1200,1:?,FALSE,,1
1201,1:?,FALSE,,1
1202,1:?,FALSE,,1
1203,1:?,FALSE,,1
1204,1:?,FALSE,,1
1205,1:?,FALSE,,1
1206,1:?,FALSE,,1
1207,1:?,FALSE,,1
1208,1:?,FALSE,,1
1209,1:?,FALSE,,1
1210,1:?,FALSE,,1
1211,1:?,TRUE,,1
1212,1:?,FALSE,,1
1213,1:?,FALSE,,1
1214,1:?,FALSE,,1
1215,1:?,FALSE,,1
1216,1:?,FALSE,,1
1217,1:?,FALSE,,1
1218,1:?,FALSE,,1
1219,1:?,FALSE,,1
1220,1:?,FALSE,,1
1221,1:?,FALSE,,1
1222,1:?,FALSE,,1
1223,1:?,FALSE,,1
1224,1:?,FALSE,,1
1225,1:?,FALSE,,1
1226,1:?,FALSE,,1
1227,1:?,FALSE,,1
1228,1:?,FALSE,,1
1229,1:?,FALSE,,1
1230,1:?,FALSE,,1
1231,1:?,FALSE,,1
1232,1:?,FALSE,,1
1233,1:?,FALSE,,1
1234,1:?,FALSE,,1
1235,1:?,FALSE,,1
1236,1:?,FALSE,,1
1237,1:?,FALSE,,1
1238,1:?,FALSE,,1
1239,1:?,FALSE,,1
1240,1:?,FALSE,,1
1241,1:?,FALSE,,1
1242,1:?,FALSE,,0.994
1243,1:?,FALSE,,1
1244,1:?,FALSE,,1
1245,1:?,FALSE,,1
1246,1:?,FALSE,,1
1247,1:?,FALSE,,1
1248,1:?,FALSE,,1
1249,1:?,FALSE,,1
1250,1:?,FALSE,,1
1251,1:?,FALSE,,1
1252,1:?,FALSE,,1
1253,1:?,FALSE,,1
1254,1:?,FALSE,,1
1255,1:?,FALSE,,1
1256,1:?,FALSE,,1
1257,1:?,FALSE,,1
1258,1:?,FALSE,,1
1259,1:?,FALSE,,1
1260,1:?,FALSE,,1
1261,1:?,FALSE,,1
1262,1:?,FALSE,,1
1263,1:?,FALSE,,1
1264,1:?,FALSE,,1
1265,1:?,FALSE,,1
1266,1:?,FALSE,,1
1267,1:?,FALSE,,1
1268,1:?,FALSE,,1
1269,1:?,FALSE,,1
1270,1:?,FALSE,,1
1271,1:?,FALSE,,1
1272,1:?,FALSE,,1
1273,1:?,FALSE,,1
1274,1:?,FALSE,,1
1275,1:?,FALSE,,1
1276,1:?,FALSE,,1
1277,1:?,FALSE,,1
1278,1:?,FALSE,,1
1279,1:?,FALSE,,1
1280,1:?,FALSE,,1
1281,1:?,FALSE,,1
1282,1:?,FALSE,,1
1283,1:?,FALSE,,1
1284,1:?,FALSE,,1
1285,1:?,FALSE,,1
1286,1:?,FALSE,,1
1287,1:?,FALSE,,1
1288,1:?,FALSE,,1
1289,1:?,FALSE,,1
1290,1:?,FALSE,,1
1291,1:?,FALSE,,1
1292,1:?,FALSE,,1
1293,1:?,FALSE,,1
1294,1:?,FALSE,,1
1295,1:?,FALSE,,1
1296,1:?,FALSE,,1
1297,1:?,FALSE,,1
1298,1:?,FALSE,,1
1299,1:?,FALSE,,1
1300,1:?,FALSE,,1
1301,1:?,FALSE,,1
1302,1:?,FALSE,,1
1303,1:?,FALSE,,1
1304,1:?,FALSE,,1
1305,1:?,FALSE,,1
1306,1:?,FALSE,,1
1307,1:?,FALSE,,1
1308,1:?,FALSE,,1
1309,1:?,FALSE,,1
1310,1:?,FALSE,,1
1311,1:?,FALSE,,1
1312,1:?,FALSE,,1
1313,1:?,FALSE,,1
1314,1:?,FALSE,,1
1315,1:?,FALSE,,1
1316,1:?,FALSE,,1
1317,1:?,FALSE,,1
1318,1:?,FALSE,,1
1319,1:?,FALSE,,1
1320,1:?,FALSE,,1
1321,1:?,FALSE,,1
1322,1:?,FALSE,,1
1323,1:?,FALSE,,1
1324,1:?,TRUE,,1
1325,1:?,FALSE,,1
1326,1:?,FALSE,,1
1327,1:?,FALSE,,1
1328,1:?,FALSE,,1
1329,1:?,FALSE,,1
1330,1:?,FALSE,,1
1331,1:?,FALSE,,1
1332,1:?,FALSE,,1
1333,1:?,FALSE,,1
1334,1:?,FALSE,,1
1335,1:?,FALSE,,1
1336,1:?,FALSE,,1
1337,1:?,FALSE,,1
1338,1:?,FALSE,,1
1339,1:?,FALSE,,1
1340,1:?,FALSE,,1
1341,1:?,FALSE,,1
1342,1:?,FALSE,,1
1343,1:?,FALSE,,1
1344,1:?,FALSE,,1
1345,1:?,FALSE,,1
1346,1:?,FALSE,,1
1347,1:?,FALSE,,1
1348,1:?,FALSE,,1
1349,1:?,FALSE,,1
1350,1:?,FALSE,,1
1351,1:?,FALSE,,1
1352,1:?,FALSE,,1
1353,1:?,FALSE,,1
1354,1:?,FALSE,,1
1355,1:?,FALSE,,1
1356,1:?,FALSE,,1
1357,1:?,FALSE,,1
1358,1:?,FALSE,,1
1359,1:?,FALSE,,1
1360,1:?,FALSE,,1
1361,1:?,FALSE,,1
1362,1:?,FALSE,,1
1363,1:?,TRUE,,1
1364,1:?,FALSE,,1
1365,1:?,FALSE,,1
1366,1:?,FALSE,,1
1367,1:?,FALSE,,1
1368,1:?,FALSE,,1
1369,1:?,FALSE,,1
1370,1:?,FALSE,,1
1371,1:?,FALSE,,1
1372,1:?,FALSE,,1
1373,1:?,FALSE,,1
1374,1:?,FALSE,,1
1375,1:?,FALSE,,1
1376,1:?,FALSE,,1
1377,1:?,FALSE,,1
1378,1:?,FALSE,,1
1379,1:?,FALSE,,1
1380,1:?,FALSE,,1
1381,1:?,FALSE,,1
1382,1:?,FALSE,,1
1383,1:?,FALSE,,0.962
1384,1:?,FALSE,,1
1385,1:?,FALSE,,1
1386,1:?,FALSE,,1
1387,1:?,FALSE,,1
1388,1:?,FALSE,,1
1389,1:?,FALSE,,1
1390,1:?,FALSE,,1
1391,1:?,FALSE,,1
1392,1:?,FALSE,,1
1393,1:?,FALSE,,1
1394,1:?,FALSE,,1
1395,1:?,FALSE,,1
1396,1:?,FALSE,,1
1397,1:?,FALSE,,1
1398,1:?,FALSE,,1
1399,1:?,FALSE,,1
1400,1:?,FALSE,,1
1401,1:?,FALSE,,1
1402,1:?,FALSE,,1
1403,1:?,FALSE,,1
1404,1:?,FALSE,,1
1405,1:?,FALSE,,1
1406,1:?,FALSE,,1
1407,1:?,FALSE,,1
1408,1:?,FALSE,,1
1409,1:?,FALSE,,1
1410,1:?,FALSE,,1
1411,1:?,FALSE,,1
1412,1:?,FALSE,,1
1413,1:?,FALSE,,1
1414,1:?,FALSE,,1
1415,1:?,FALSE,,1
1416,1:?,FALSE,,1
1417,1:?,FALSE,,1
1418,1:?,FALSE,,1
1419,1:?,FALSE,,1
1420,1:?,FALSE,,1
1421,1:?,FALSE,,1
1422,1:?,FALSE,,1
1423,1:?,FALSE,,1
1424,1:?,FALSE,,1
1425,1:?,FALSE,,1
1426,1:?,FALSE,,1
1427,1:?,FALSE,,1
1428,1:?,FALSE,,0.999
1429,1:?,FALSE,,1
1430,1:?,FALSE,,1
1431,1:?,FALSE,,1
1432,1:?,FALSE,,1
1433,1:?,FALSE,,1
1434,1:?,FALSE,,1
1435,1:?,FALSE,,1
1436,1:?,FALSE,,1
1437,1:?,FALSE,,1
1438,1:?,FALSE,,1
1439,1:?,FALSE,,0.992
1440,1:?,FALSE,,1
1441,1:?,FALSE,,1
1442,1:?,FALSE,,1
1443,1:?,FALSE,,1
1444,1:?,FALSE,,1
1445,1:?,FALSE,,1
1446,1:?,FALSE,,1
1447,1:?,FALSE,,1
1448,1:?,FALSE,,1
1449,1:?,FALSE,,1
1450,1:?,FALSE,,1
1451,1:?,FALSE,,1
1452,1:?,FALSE,,1
1453,1:?,FALSE,,1
1454,1:?,FALSE,,1
1455,1:?,FALSE,,1
1456,1:?,FALSE,,1
1457,1:?,TRUE,,1
1458,1:?,FALSE,,1
1459,1:?,FALSE,,1
1460,1:?,FALSE,,1
1461,1:?,FALSE,,1
1462,1:?,FALSE,,1
1463,1:?,FALSE,,1
1464,1:?,FALSE,,1
1465,1:?,FALSE,,1
1466,1:?,FALSE,,1
1467,1:?,FALSE,,1
1468,1:?,FALSE,,1
1469,1:?,FALSE,,1
1470,1:?,FALSE,,1
1471,1:?,FALSE,,1
1472,1:?,FALSE,,1
1473,1:?,FALSE,,1
1474,1:?,FALSE,,1
1475,1:?,FALSE,,1
1476,1:?,FALSE,,1
1477,1:?,FALSE,,1
